sample_id,nn_dist,label,max_softmax
0,13.414027,ambiguous,0.118351
1,10.781802,good,0.405684
2,13.275823,ambiguous,0.229853
3,14.912463,ambiguous,0.185102
4,13.545482,ambiguous,0.134362
5,15.432841,ambiguous,0.341497
6,16.962151,ambiguous,0.073896
7,16.506102,ambiguous,0.163175
8,14.373033,ambiguous,0.138882
9,17.065498,ambiguous,0.091649
10,7.224098,good,0.361929
11,17.094587,ambiguous,0.090346
12,17.131750,ambiguous,0.115568
13,15.425769,ambiguous,0.094553
14,16.942957,ambiguous,0.375313
15,11.905807,good,0.341321
16,14.234496,ambiguous,0.069586
17,14.315953,ambiguous,0.088596
18,16.669294,ambiguous,0.072390
19,13.332286,ambiguous,0.187524
20,20.166559,garbage,0.207097
21,12.686420,good,0.183386
22,15.025281,ambiguous,0.092755
23,18.581182,garbage,0.244423
24,16.139809,ambiguous,0.107969
25,14.376061,ambiguous,0.111744
26,9.654412,good,0.377135
27,16.452097,ambiguous,0.147385
28,18.745327,garbage,0.109550
29,18.638474,garbage,0.084004
30,15.550677,ambiguous,0.038481
31,13.218160,ambiguous,0.669148
32,12.263702,good,0.088983
33,14.220389,ambiguous,0.104907
34,14.010060,ambiguous,0.400482
35,10.515415,good,0.306645
36,17.385180,garbage,0.055056
37,14.302585,ambiguous,0.076452
38,20.670452,garbage,0.202389
39,11.745613,good,0.217891
40,14.136497,ambiguous,0.248460
41,17.167871,garbage,0.024053
42,19.573967,garbage,0.041792
43,18.770185,garbage,0.202248
44,16.191252,ambiguous,0.139557
45,12.691063,good,0.354155
46,13.637677,ambiguous,0.294936
47,13.002086,good,0.117625
48,15.987938,ambiguous,0.124987
49,14.992822,ambiguous,0.252927
50,17.004131,ambiguous,0.093866
51,14.220123,ambiguous,0.399161
52,15.450870,ambiguous,0.204336
53,16.809050,ambiguous,0.044747
54,16.634562,ambiguous,0.373687
55,7.565649,good,0.264874
56,15.073974,ambiguous,0.438121
57,16.357645,ambiguous,0.148830
58,18.141996,garbage,0.069552
59,12.857703,good,0.435801
60,16.788147,ambiguous,0.280050
61,12.377486,good,0.330884
62,12.346900,good,0.459796
63,18.259089,garbage,0.060966
64,15.215060,ambiguous,0.145906
65,17.700745,garbage,0.042999
66,9.321559,good,0.089112
67,15.527290,ambiguous,0.228852
68,15.929517,ambiguous,0.058422
69,17.559240,garbage,0.083366
70,13.727746,ambiguous,0.140588
71,15.628330,ambiguous,0.428458
72,14.034065,ambiguous,0.159275
73,11.284142,good,0.338780
74,14.618690,ambiguous,0.110982
75,16.477018,ambiguous,0.081059
76,7.974473,good,0.152789
77,15.353276,ambiguous,0.604231
78,19.275251,garbage,0.050336
79,14.626060,ambiguous,0.417349
80,16.607607,ambiguous,0.041591
81,20.062790,garbage,0.030723
82,18.620979,garbage,0.081597
83,17.221197,garbage,0.152188
84,13.643308,ambiguous,0.181777
85,15.414546,ambiguous,0.427383
86,13.505460,ambiguous,0.269727
87,12.325966,good,0.206802
88,12.359420,good,0.155642
89,12.334682,good,0.113411
90,15.239091,ambiguous,0.357730
91,9.191691,good,0.530830
92,16.346214,ambiguous,0.064708
93,15.566625,ambiguous,0.049232
94,11.742160,good,0.107088
95,12.530503,good,0.306421
96,17.425283,garbage,0.103254
97,19.345388,garbage,0.138853
98,16.772430,ambiguous,0.189012
99,16.617188,ambiguous,0.090283
100,16.450012,ambiguous,0.147313
101,11.261971,good,0.512097
102,8.081294,good,0.308596
103,13.451245,ambiguous,0.172040
104,11.262937,good,0.170818
105,14.730343,ambiguous,0.067756
106,18.991203,garbage,0.045800
107,19.138830,garbage,0.150867
108,15.283666,ambiguous,0.563268
109,12.977843,good,0.205620
110,11.828316,good,0.469884
111,15.822952,ambiguous,0.256296
112,14.286977,ambiguous,0.351891
113,17.844612,garbage,0.180756
114,14.871131,ambiguous,0.100341
115,23.580986,garbage,0.890636
116,15.681043,ambiguous,0.113146
117,12.827114,good,0.139730
118,18.113190,garbage,0.113884
119,15.274834,ambiguous,0.119478
120,10.853981,good,0.140448
121,15.709530,ambiguous,0.157252
122,17.029182,ambiguous,0.071158
123,8.141833,good,0.462959
124,14.789653,ambiguous,0.069428
125,13.943699,ambiguous,0.115133
126,13.492042,ambiguous,0.071974
127,11.771171,good,0.458780
128,13.272995,ambiguous,0.284129
129,19.757490,garbage,0.048758
130,15.387836,ambiguous,0.220844
131,8.974992,good,0.217770
132,12.231288,good,0.175047
133,19.433558,garbage,0.265371
134,17.461592,garbage,0.038053
135,15.922954,ambiguous,0.310613
136,16.022898,ambiguous,0.267805
137,6.768620,good,0.201555
138,12.035104,good,0.458186
139,13.177434,ambiguous,0.475920
140,15.055913,ambiguous,0.351865
141,14.635532,ambiguous,0.071692
142,17.697784,garbage,0.416829
143,6.126375,good,0.452941
144,14.582630,ambiguous,0.096682
145,18.108686,garbage,0.062401
146,17.768484,garbage,0.038047
147,18.037218,garbage,0.046832
148,17.072580,ambiguous,0.561682
149,15.855858,ambiguous,0.230089
150,13.448283,ambiguous,0.170328
151,14.654386,ambiguous,0.140661
152,16.188902,ambiguous,0.222232
153,18.794786,garbage,0.163619
154,11.360424,good,0.147325
155,10.325255,good,0.140293
156,16.866396,ambiguous,0.125408
157,11.640931,good,0.127065
158,17.435396,garbage,0.100814
159,12.394473,good,0.135555
160,17.889458,garbage,0.028568
161,9.157876,good,0.322117
162,15.867534,ambiguous,0.086162
163,14.078532,ambiguous,0.524427
164,17.826044,garbage,0.140822
165,18.621340,garbage,0.111943
166,18.290590,garbage,0.040622
167,16.934881,ambiguous,0.265562
168,17.250505,garbage,0.074618
169,11.416751,good,0.463001
170,12.652786,good,0.136639
171,14.679486,ambiguous,0.237691
172,13.546679,ambiguous,0.125219
173,15.371631,ambiguous,0.084305
174,17.224777,garbage,0.072791
175,18.336515,garbage,0.302880
176,13.117302,good,0.179186
177,15.327434,ambiguous,0.381974
178,20.468950,garbage,0.148771
179,15.988449,ambiguous,0.093734
180,11.743243,good,0.168430
181,19.309389,garbage,0.089021
182,14.921803,ambiguous,0.060736
183,17.102442,ambiguous,0.160303
184,17.736948,garbage,0.083463
185,16.129251,ambiguous,0.235835
186,16.012461,ambiguous,0.435285
187,19.527300,garbage,0.062179
188,18.399134,garbage,0.137398
189,17.559164,garbage,0.071636
190,17.955473,garbage,0.255468
191,7.792650,good,0.379151
192,14.030975,ambiguous,0.310976
193,9.316854,good,0.199646
194,15.596779,ambiguous,0.047560
195,16.102726,ambiguous,0.427920
196,19.577482,garbage,0.039839
197,18.176908,garbage,0.080613
198,17.183817,garbage,0.077452
199,17.167688,garbage,0.205083
200,17.170017,garbage,0.153051
201,18.393150,garbage,0.054099
202,16.697649,ambiguous,0.030888
203,16.513575,ambiguous,0.048482
204,14.561849,ambiguous,0.041562
205,12.179478,good,0.139402
206,12.404411,good,0.437063
207,16.855841,ambiguous,0.256564
208,18.248688,garbage,0.221951
209,16.005730,ambiguous,0.163851
210,15.879773,ambiguous,0.068244
211,13.617523,ambiguous,0.419172
212,17.911413,garbage,0.118738
213,15.865718,ambiguous,0.170765
214,8.675904,good,0.253600
215,13.658535,ambiguous,0.227025
216,11.697850,good,0.110444
217,11.120057,good,0.693290
218,16.489210,ambiguous,0.075095
219,14.674085,ambiguous,0.118115
220,16.690416,ambiguous,0.033982
221,17.775747,garbage,0.069078
222,14.055783,ambiguous,0.485780
223,15.188970,ambiguous,0.166567
224,14.173404,ambiguous,0.267876
225,14.044621,ambiguous,0.227520
226,12.639653,good,0.426055
227,18.582666,garbage,0.167090
228,9.420749,good,0.274526
229,9.742253,good,0.708407
230,12.010422,good,0.078029
231,20.071650,garbage,0.078820
232,19.975956,garbage,0.035857
233,14.422767,ambiguous,0.388714
234,12.029490,good,0.338622
235,15.512558,ambiguous,0.306189
236,16.740423,ambiguous,0.151461
237,17.719519,garbage,0.071532
238,16.344889,ambiguous,0.261064
239,7.123171,good,0.553999
240,18.009609,garbage,0.067865
241,13.855908,ambiguous,0.084515
242,18.204887,garbage,0.055812
243,16.138391,ambiguous,0.124171
244,14.697497,ambiguous,0.580317
245,13.603146,ambiguous,0.296683
246,14.731141,ambiguous,0.184050
247,17.622118,garbage,0.202882
248,17.276133,garbage,0.155794
249,15.610905,ambiguous,0.327609
250,13.470856,ambiguous,0.154062
251,14.394525,ambiguous,0.474712
252,12.542153,good,0.190883
253,14.226007,ambiguous,0.328071
254,12.140500,good,0.414854
255,15.628826,ambiguous,0.220606
256,13.886252,ambiguous,0.341723
257,14.873191,ambiguous,0.622480
258,18.325991,garbage,0.157574
259,18.638023,garbage,0.070867
260,10.730106,good,0.132655
261,13.252533,ambiguous,0.052816
262,18.807272,garbage,0.121394
263,19.815613,garbage,0.061076
264,16.212748,ambiguous,0.108074
265,16.492914,ambiguous,0.122035
266,17.486320,garbage,0.459812
267,16.815353,ambiguous,0.134979
268,18.559998,garbage,0.079178
269,19.208462,garbage,0.061282
270,17.238165,garbage,0.038807
271,17.000530,ambiguous,0.147033
272,17.599224,garbage,0.097363
273,19.424459,garbage,0.065400
274,12.259524,good,0.168864
275,10.636902,good,0.488699
276,13.173912,ambiguous,0.167265
277,16.959082,ambiguous,0.431006
278,8.593122,good,0.291396
279,15.196113,ambiguous,0.471014
280,10.922107,good,0.077792
281,18.747559,garbage,0.112216
282,9.012405,good,0.319654
283,13.460662,ambiguous,0.096345
284,14.860578,ambiguous,0.276202
285,15.747243,ambiguous,0.162976
286,17.302032,garbage,0.031789
287,16.314085,ambiguous,0.094617
288,13.586369,ambiguous,0.245617
289,16.073534,ambiguous,0.541251
290,14.274094,ambiguous,0.304105
291,16.977240,ambiguous,0.174501
292,12.497828,good,0.315552
293,15.689906,ambiguous,0.200556
294,17.370806,garbage,0.075167
295,14.176193,ambiguous,0.181914
296,15.678456,ambiguous,0.079004
297,14.745624,ambiguous,0.479861
298,13.264736,ambiguous,0.032545
299,14.647086,ambiguous,0.428747
300,17.759485,garbage,0.116034
301,18.618874,garbage,0.088167
302,12.486004,good,0.171620
303,13.335060,ambiguous,0.120242
304,14.404267,ambiguous,0.159592
305,9.171592,good,0.410407
306,8.886958,good,0.231583
307,19.830187,garbage,0.025901
308,15.131637,ambiguous,0.057596
309,13.362390,ambiguous,0.211491
310,13.822415,ambiguous,0.181206
311,17.065977,ambiguous,0.292415
312,15.841231,ambiguous,0.296143
313,13.720065,ambiguous,0.500573
314,6.776646,good,0.267066
315,16.429457,ambiguous,0.039134
316,13.670166,ambiguous,0.505732
317,18.314627,garbage,0.064402
318,13.853153,ambiguous,0.515725
319,7.926482,good,0.413252
320,17.205210,garbage,0.108942
321,14.694745,ambiguous,0.152936
322,17.580599,garbage,0.094525
323,14.928876,ambiguous,0.226495
324,13.966517,ambiguous,0.355780
325,6.230946,good,0.547152
326,14.979009,ambiguous,0.262046
327,14.347154,ambiguous,0.054126
328,17.196053,garbage,0.136858
329,16.035400,ambiguous,0.088550
330,12.427266,good,0.360546
331,22.996429,garbage,0.087035
332,13.753596,ambiguous,0.144230
333,18.017754,garbage,0.232961
334,13.143524,ambiguous,0.407829
335,20.061468,garbage,0.031564
336,18.364672,garbage,0.053500
337,8.773988,good,0.113990
338,19.762455,garbage,0.569995
339,6.895276,good,0.549331
340,13.680455,ambiguous,0.121377
341,17.321157,garbage,0.066586
342,12.935122,good,0.459379
343,12.268899,good,0.329284
344,19.037773,garbage,0.079440
345,18.323729,garbage,0.083245
346,12.895858,good,0.461282
347,20.786089,garbage,0.161053
348,14.218887,ambiguous,0.069530
349,17.684305,garbage,0.049314
350,12.804019,good,0.124793
351,11.055818,good,0.519718
352,12.679558,good,0.536066
353,20.790037,garbage,0.278340
354,16.298838,ambiguous,0.052960
355,16.291162,ambiguous,0.114467
356,18.062033,garbage,0.356939
357,15.842300,ambiguous,0.243170
358,13.669807,ambiguous,0.079099
359,15.247834,ambiguous,0.768000
360,14.770340,ambiguous,0.094461
361,18.759336,garbage,0.201923
362,19.014736,garbage,0.114644
363,16.740747,ambiguous,0.461603
364,19.246027,garbage,0.061640
365,15.709049,ambiguous,0.221161
366,18.180136,garbage,0.184409
367,17.039625,ambiguous,0.038978
368,17.988752,garbage,0.147026
369,21.566046,garbage,0.029174
370,15.770592,ambiguous,0.087595
371,14.378985,ambiguous,0.552495
372,15.974811,ambiguous,0.292688
373,17.186935,garbage,0.037766
374,15.687328,ambiguous,0.240628
375,15.590737,ambiguous,0.103132
376,11.753868,good,0.150343
377,8.566939,good,0.249308
378,12.209577,good,0.261695
379,6.236651,good,0.408061
380,15.874673,ambiguous,0.317616
381,9.433810,good,0.553973
382,11.686816,good,0.080738
383,13.143832,ambiguous,0.167945
384,19.226313,garbage,0.076642
385,13.311023,ambiguous,0.087570
386,18.965082,garbage,0.312032
387,18.841082,garbage,0.037018
388,15.119807,ambiguous,0.044573
389,16.488995,ambiguous,0.111357
390,18.289917,garbage,0.042260
391,17.251856,garbage,0.100392
392,13.718806,ambiguous,0.403912
393,14.938399,ambiguous,0.059643
394,18.378302,garbage,0.099071
395,15.145623,ambiguous,0.079321
396,13.495189,ambiguous,0.457697
397,17.494476,garbage,0.081366
398,10.266166,good,0.461790
399,14.217129,ambiguous,0.281295
400,10.695920,good,0.144104
401,18.896307,garbage,0.027345
402,17.607460,garbage,0.045576
403,14.649335,ambiguous,0.358365
404,13.318390,ambiguous,0.419507
405,18.441477,garbage,0.138677
406,20.700445,garbage,0.026102
407,18.470568,garbage,0.043590
408,20.571138,garbage,0.046593
409,16.087826,ambiguous,0.071431
410,14.831993,ambiguous,0.201019
411,9.857812,good,0.512919
412,15.603091,ambiguous,0.092558
413,17.564201,garbage,0.152393
414,9.916656,good,0.244445
415,14.558372,ambiguous,0.035042
416,9.763339,good,0.386342
417,16.533566,ambiguous,0.125704
418,17.428946,garbage,0.077381
419,16.220516,ambiguous,0.060131
420,14.008869,ambiguous,0.280095
421,9.846408,good,0.124531
422,18.854019,garbage,0.085264
423,16.720665,ambiguous,0.346479
424,16.650728,ambiguous,0.278570
425,8.900218,good,0.503312
426,9.269250,good,0.126013
427,17.955410,garbage,0.068504
428,12.978290,good,0.280201
429,14.733757,ambiguous,0.345893
430,18.313330,garbage,0.072906
431,17.624063,garbage,0.114245
432,13.675121,ambiguous,0.089588
433,16.537378,ambiguous,0.042768
434,16.011084,ambiguous,0.202340
435,15.161561,ambiguous,0.174320
436,14.604060,ambiguous,0.167423
437,19.702980,garbage,0.069545
438,17.389816,garbage,0.064953
439,15.150711,ambiguous,0.178771
440,16.537966,ambiguous,0.091551
441,16.601463,ambiguous,0.103973
442,11.514791,good,0.092304
443,16.669947,ambiguous,0.102137
444,14.320873,ambiguous,0.050723
445,19.597893,garbage,0.780099
446,13.809219,ambiguous,0.072843
447,16.228512,ambiguous,0.222862
448,13.875968,ambiguous,0.136803
449,8.765968,good,0.447505
450,16.706068,ambiguous,0.372211
451,16.207245,ambiguous,0.197793
452,16.514212,ambiguous,0.128231
453,11.572055,good,0.092033
454,16.377487,ambiguous,0.428581
455,19.237215,garbage,0.159876
456,17.087666,ambiguous,0.636811
457,11.796880,good,0.526590
458,16.168610,ambiguous,0.249307
459,19.125051,garbage,0.049217
460,10.152603,good,0.129966
461,16.687159,ambiguous,0.176688
462,14.751050,ambiguous,0.150810
463,13.925735,ambiguous,0.211954
464,11.731908,good,0.296326
465,18.081839,garbage,0.215970
466,16.431219,ambiguous,0.093478
467,16.709570,ambiguous,0.185528
468,15.868801,ambiguous,0.075412
469,16.985985,ambiguous,0.064787
470,10.671558,good,0.496574
471,9.478246,good,0.118930
472,17.677444,garbage,0.281253
473,19.646391,garbage,0.061052
474,9.857882,good,0.314272
475,15.848583,ambiguous,0.282262
476,14.585022,ambiguous,0.208795
477,16.327744,ambiguous,0.251157
478,17.424879,garbage,0.079732
479,14.780838,ambiguous,0.175039
480,17.906609,garbage,0.302871
481,16.600927,ambiguous,0.260473
482,13.875930,ambiguous,0.206815
483,9.987714,good,0.375531
484,13.349801,ambiguous,0.550968
485,16.626451,ambiguous,0.046168
486,16.157177,ambiguous,0.267882
487,16.643549,ambiguous,0.162220
488,16.565887,ambiguous,0.217706
489,14.440488,ambiguous,0.153675
490,14.828982,ambiguous,0.588249
491,14.184048,ambiguous,0.437145
492,7.442951,good,0.459720
493,12.868782,good,0.088540
494,15.130677,ambiguous,0.105811
495,18.488527,garbage,0.138375
496,13.929574,ambiguous,0.101161
497,19.849043,garbage,0.160104
498,15.801640,ambiguous,0.067898
499,12.419179,good,0.228350
500,14.845459,ambiguous,0.227112
501,17.887764,garbage,0.047198
502,18.290575,garbage,0.500514
503,16.376074,ambiguous,0.134623
504,13.157162,ambiguous,0.201096
505,16.654528,ambiguous,0.195998
506,18.012289,garbage,0.055697
507,16.473177,ambiguous,0.197680
508,14.698703,ambiguous,0.738904
509,18.196335,garbage,0.058965
510,17.352060,garbage,0.155069
511,16.412300,ambiguous,0.049879
512,18.398888,garbage,0.050405
513,18.522726,garbage,0.019775
514,15.337818,ambiguous,0.136048
515,12.607059,good,0.348229
516,11.756649,good,0.151433
517,13.445174,ambiguous,0.258416
518,15.928971,ambiguous,0.423091
519,16.540405,ambiguous,0.203051
520,18.356733,garbage,0.022452
521,20.085443,garbage,0.119606
522,13.828076,ambiguous,0.144535
523,12.891090,good,0.319327
524,19.379385,garbage,0.155761
525,12.530586,good,0.444026
526,11.432483,good,0.179678
527,16.859413,ambiguous,0.091223
528,21.891556,garbage,0.646722
529,14.165547,ambiguous,0.357716
530,5.416510,good,0.322353
531,16.273985,ambiguous,0.175091
532,19.558706,garbage,0.054833
533,15.593757,ambiguous,0.200073
534,17.472267,garbage,0.093958
535,7.222885,good,0.252431
536,17.515726,garbage,0.216681
537,9.302630,good,0.252895
538,15.521022,ambiguous,0.118933
539,18.297455,garbage,0.092882
540,18.001057,garbage,0.070829
541,20.561171,garbage,0.163990
542,12.640255,good,0.048118
543,16.429373,ambiguous,0.060732
544,18.744164,garbage,0.035389
545,14.566383,ambiguous,0.137535
546,13.350444,ambiguous,0.129025
547,11.798564,good,0.240132
548,19.667372,garbage,0.018964
549,18.415888,garbage,0.149306
550,8.224588,good,0.242821
551,12.320516,good,0.471469
552,14.883204,ambiguous,0.074703
553,18.910501,garbage,0.024400
554,14.165824,ambiguous,0.244498
555,15.924329,ambiguous,0.106762
556,12.394540,good,0.479511
557,8.855039,good,0.242578
558,15.611984,ambiguous,0.045122
559,13.924255,ambiguous,0.087375
560,15.068830,ambiguous,0.143364
561,15.629490,ambiguous,0.308423
562,14.710444,ambiguous,0.022366
563,19.018127,garbage,0.257612
564,9.906921,good,0.198779
565,12.682243,good,0.358546
566,13.538307,ambiguous,0.078799
567,12.803874,good,0.210680
568,15.378676,ambiguous,0.045010
569,11.324618,good,0.463250
570,12.114184,good,0.091339
571,15.548068,ambiguous,0.169929
572,17.153431,garbage,0.864498
573,18.802719,garbage,0.502893
574,14.529988,ambiguous,0.103263
575,16.818907,ambiguous,0.095594
576,18.529303,garbage,0.065528
577,13.819622,ambiguous,0.116272
578,18.280493,garbage,0.062003
579,13.092164,good,0.201858
580,16.774330,ambiguous,0.042046
581,12.475845,good,0.484778
582,12.021718,good,0.125623
583,12.869399,good,0.651068
584,16.655361,ambiguous,0.086088
585,15.990491,ambiguous,0.280117
586,16.213385,ambiguous,0.503682
587,5.431255,good,0.314955
588,12.176430,good,0.230766
589,14.280164,ambiguous,0.433273
590,21.017128,garbage,0.029924
591,9.364219,good,0.355139
592,17.310896,garbage,0.162447
593,15.382927,ambiguous,0.037741
594,14.537499,ambiguous,0.301192
595,14.194897,ambiguous,0.276397
596,15.891057,ambiguous,0.320231
597,13.078938,good,0.046730
598,15.532253,ambiguous,0.177781
599,16.811686,ambiguous,0.498745
600,12.099528,good,0.170656
601,11.981702,good,0.105432
602,13.644322,ambiguous,0.439839
603,13.029294,good,0.251231
604,18.332323,garbage,0.028516
605,20.169214,garbage,0.053309
606,19.188490,garbage,0.143172
607,13.494423,ambiguous,0.358158
608,14.644528,ambiguous,0.143360
609,14.424367,ambiguous,0.092302
610,16.695440,ambiguous,0.460782
611,11.738053,good,0.123573
612,19.686409,garbage,0.078782
613,6.350497,good,0.389278
614,12.567653,good,0.353869
615,14.783946,ambiguous,0.593741
616,10.015955,good,0.209316
617,15.505611,ambiguous,0.149470
618,19.405107,garbage,0.052762
619,16.895994,ambiguous,0.120337
620,10.381920,good,0.169024
621,16.199629,ambiguous,0.161319
622,9.674363,good,0.509535
623,15.558899,ambiguous,0.372007
624,17.188221,garbage,0.289310
625,8.256305,good,0.112826
626,11.507477,good,0.329542
627,16.528898,ambiguous,0.150368
628,16.000906,ambiguous,0.354335
629,15.180603,ambiguous,0.065125
630,15.943084,ambiguous,0.118009
631,17.851883,garbage,0.069397
632,14.618875,ambiguous,0.114678
633,14.400795,ambiguous,0.070802
634,20.236200,garbage,0.067810
635,19.284075,garbage,0.190882
636,12.555743,good,0.083971
637,17.181358,garbage,0.262506
638,16.693838,ambiguous,0.181741
639,14.757979,ambiguous,0.219899
640,16.182808,ambiguous,0.451769
641,9.462249,good,0.444894
642,10.080900,good,0.178322
643,14.203723,ambiguous,0.213746
644,17.119606,ambiguous,0.355710
645,9.536244,good,0.210243
646,13.010613,good,0.334391
647,12.449036,good,0.047487
648,14.450759,ambiguous,0.364064
649,12.995524,good,0.229967
650,15.628719,ambiguous,0.166760
651,10.528091,good,0.329080
652,10.781097,good,0.434632
653,13.399446,ambiguous,0.042726
654,16.210054,ambiguous,0.053725
655,16.435663,ambiguous,0.134044
656,11.485970,good,0.153694
657,14.624577,ambiguous,0.180224
658,16.354944,ambiguous,0.056597
659,10.849496,good,0.412010
660,16.995440,ambiguous,0.342317
661,17.381760,garbage,0.042616
662,19.325834,garbage,0.074185
663,10.299564,good,0.428695
664,15.836838,ambiguous,0.124004
665,18.595329,garbage,0.171849
666,17.123484,ambiguous,0.377660
667,15.143046,ambiguous,0.313760
668,16.372179,ambiguous,0.085489
669,19.266006,garbage,0.091898
670,11.938876,good,0.192084
671,13.145152,ambiguous,0.225120
672,17.738024,garbage,0.238747
673,13.982780,ambiguous,0.259364
674,14.206941,ambiguous,0.457439
675,13.217888,ambiguous,0.070210
676,17.464874,garbage,0.035745
677,13.668568,ambiguous,0.107959
678,13.860164,ambiguous,0.089147
679,13.972157,ambiguous,0.115536
680,14.929563,ambiguous,0.283361
681,16.603193,ambiguous,0.546911
682,18.032030,garbage,0.083405
683,11.399421,good,0.422025
684,19.357775,garbage,0.094934
685,17.432037,garbage,0.186444
686,16.640314,ambiguous,0.102415
687,14.920186,ambiguous,0.504800
688,10.850423,good,0.138495
689,14.736051,ambiguous,0.230696
690,14.629405,ambiguous,0.276756
691,14.443840,ambiguous,0.116945
692,12.014575,good,0.469362
693,17.749542,garbage,0.075329
694,12.430087,good,0.126120
695,9.530252,good,0.174608
696,12.494020,good,0.378318
697,17.611914,garbage,0.534675
698,16.579977,ambiguous,0.047809
699,10.596485,good,0.114657
700,11.291665,good,0.289397
701,19.151052,garbage,0.248566
702,19.906572,garbage,0.238784
703,17.239326,garbage,0.102687
704,17.043264,ambiguous,0.089027
705,10.560069,good,0.158948
706,13.804852,ambiguous,0.427809
707,18.856215,garbage,0.120992
708,15.053841,ambiguous,0.051205
709,16.639944,ambiguous,0.082652
710,13.413357,ambiguous,0.424670
711,18.986023,garbage,0.065714
712,11.234906,good,0.208420
713,18.468082,garbage,0.056685
714,14.524075,ambiguous,0.085171
715,18.070745,garbage,0.068911
716,14.695382,ambiguous,0.321516
717,19.442396,garbage,0.079225
718,16.451416,ambiguous,0.097433
719,19.620646,garbage,0.123503
720,16.541010,ambiguous,0.051069
721,17.591179,garbage,0.221993
722,16.247576,ambiguous,0.070535
723,19.372429,garbage,0.064063
724,17.181551,garbage,0.116099
725,21.232210,garbage,0.078186
726,20.125971,garbage,0.122236
727,14.126648,ambiguous,0.388534
728,7.757807,good,0.413023
729,15.811725,ambiguous,0.447283
730,15.894738,ambiguous,0.027475
731,16.171251,ambiguous,0.078307
732,12.578919,good,0.397871
733,16.759016,ambiguous,0.042884
734,16.515055,ambiguous,0.207920
735,9.430898,good,0.325845
736,10.274529,good,0.265024
737,16.300390,ambiguous,0.034840
738,15.358939,ambiguous,0.110933
739,9.988411,good,0.056477
740,15.962506,ambiguous,0.073021
741,17.738974,garbage,0.074219
742,17.674768,garbage,0.133012
743,10.676796,good,0.334514
744,14.176937,ambiguous,0.192398
745,11.963778,good,0.267554
746,15.656583,ambiguous,0.265863
747,17.242498,garbage,0.086329
748,9.667126,good,0.552040
749,20.048109,garbage,0.257034
750,12.945988,good,0.238687
751,17.917086,garbage,0.145354
752,15.586045,ambiguous,0.467526
753,13.129639,good,0.265301
754,10.011062,good,0.311754
755,15.355163,ambiguous,0.214033
756,11.667474,good,0.268359
757,19.358702,garbage,0.122604
758,13.537625,ambiguous,0.101325
759,5.972699,good,0.479674
760,19.260878,garbage,0.023428
761,16.556753,ambiguous,0.120515
762,15.230721,ambiguous,0.032713
763,18.606232,garbage,0.058818
764,18.744860,garbage,0.106192
765,16.307640,ambiguous,0.253356
766,12.100174,good,0.269194
767,16.788979,ambiguous,0.443337
768,20.132534,garbage,0.088642
769,13.845107,ambiguous,0.234954
770,10.018571,good,0.262477
771,13.340419,ambiguous,0.247384
772,12.535499,good,0.132501
773,14.475696,ambiguous,0.267927
774,16.130411,ambiguous,0.117962
775,14.452226,ambiguous,0.172762
776,16.846933,ambiguous,0.064272
777,6.691916,good,0.560997
778,12.001765,good,0.238851
779,19.349125,garbage,0.085168
780,19.199133,garbage,0.041399
781,12.616900,good,0.329474
782,14.494724,ambiguous,0.120930
783,13.936546,ambiguous,0.108831
784,17.995335,garbage,0.084984
785,13.882047,ambiguous,0.318413
786,13.804156,ambiguous,0.190554
787,16.128052,ambiguous,0.048384
788,13.652061,ambiguous,0.129868
789,10.467452,good,0.110549
790,15.537440,ambiguous,0.197371
791,6.161062,good,0.405503
792,19.831375,garbage,0.057729
793,17.713211,garbage,0.271559
794,13.934212,ambiguous,0.356107
795,14.351810,ambiguous,0.247334
796,12.734787,good,0.057478
797,18.709368,garbage,0.057915
798,15.740582,ambiguous,0.070505
799,21.347876,garbage,0.097962
800,17.061575,ambiguous,0.157281
801,18.877394,garbage,0.114092
802,10.648625,good,0.125458
803,14.836483,ambiguous,0.058530
804,18.908028,garbage,0.074382
805,17.295458,garbage,0.212245
806,12.839500,good,0.389912
807,16.165976,ambiguous,0.054745
808,13.353463,ambiguous,0.174050
809,15.496873,ambiguous,0.339628
810,13.644882,ambiguous,0.194365
811,16.613293,ambiguous,0.362283
812,19.645502,garbage,0.116991
813,19.156334,garbage,0.049919
814,14.216603,ambiguous,0.261992
815,16.142645,ambiguous,0.056142
816,15.252894,ambiguous,0.157029
817,14.592481,ambiguous,0.303852
818,14.592875,ambiguous,0.103542
819,14.351559,ambiguous,0.510879
820,17.001221,ambiguous,0.068891
821,19.207495,garbage,0.138238
822,17.635469,garbage,0.046136
823,14.776027,ambiguous,0.086771
824,15.264820,ambiguous,0.081129
825,8.516000,good,0.346164
826,11.397614,good,0.572935
827,12.931442,good,0.094509
828,17.162863,garbage,0.405258
829,18.617800,garbage,0.059902
830,19.094847,garbage,0.111067
831,7.868980,good,0.401226
832,15.135178,ambiguous,0.080851
833,12.473317,good,0.323471
834,14.873299,ambiguous,0.219926
835,10.267935,good,0.060374
836,6.337356,good,0.500460
837,12.608850,good,0.499716
838,15.162454,ambiguous,0.171106
839,16.026056,ambiguous,0.662865
840,16.340775,ambiguous,0.099527
841,12.883731,good,0.471464
842,15.165751,ambiguous,0.127113
843,13.928917,ambiguous,0.175747
844,14.521676,ambiguous,0.462131
845,12.753415,good,0.072478
846,19.551828,garbage,0.060600
847,18.333527,garbage,0.145510
848,17.556175,garbage,0.040874
849,18.514221,garbage,0.181374
850,15.128444,ambiguous,0.236645
851,16.993046,ambiguous,0.246023
852,12.741604,good,0.074682
853,17.227568,garbage,0.186436
854,16.871759,ambiguous,0.037476
855,11.964515,good,0.366289
856,10.891749,good,0.403857
857,11.674434,good,0.260722
858,7.083473,good,0.350937
859,17.906397,garbage,0.107624
860,11.826793,good,0.221853
861,15.232971,ambiguous,0.301329
862,17.346178,garbage,0.129079
863,17.958628,garbage,0.086762
864,12.367414,good,0.583015
865,16.213913,ambiguous,0.037469
866,7.902827,good,0.415072
867,14.856477,ambiguous,0.290128
868,9.641152,good,0.379579
869,12.486011,good,0.243421
870,12.178905,good,0.357576
871,19.116457,garbage,0.075726
872,11.306729,good,0.308240
873,15.821324,ambiguous,0.069696
874,16.937609,ambiguous,0.047553
875,13.306193,ambiguous,0.133593
876,11.899158,good,0.083217
877,9.504853,good,0.386327
878,16.846006,ambiguous,0.099971
879,10.055630,good,0.249020
880,7.279428,good,0.419618
881,15.585019,ambiguous,0.221248
882,12.322038,good,0.684619
883,13.708031,ambiguous,0.053727
884,15.869338,ambiguous,0.045605
885,13.149676,ambiguous,0.266587
886,16.738596,ambiguous,0.069966
887,16.121700,ambiguous,0.131757
888,16.188040,ambiguous,0.241419
889,16.268599,ambiguous,0.098220
890,15.888912,ambiguous,0.063509
891,16.462210,ambiguous,0.245527
892,8.377124,good,0.259593
893,18.312401,garbage,0.157087
894,17.252419,garbage,0.062983
895,18.232565,garbage,0.203864
896,17.345589,garbage,0.296922
897,15.906980,ambiguous,0.078546
898,15.919160,ambiguous,0.064983
899,17.301987,garbage,0.181769
900,16.778908,ambiguous,0.068448
901,9.726661,good,0.368854
902,16.309771,ambiguous,0.069739
903,14.910596,ambiguous,0.115975
904,16.153528,ambiguous,0.246441
905,16.054054,ambiguous,0.229040
906,16.886728,ambiguous,0.114184
907,15.292328,ambiguous,0.097243
908,13.372273,ambiguous,0.210544
909,14.404419,ambiguous,0.211592
910,13.529624,ambiguous,0.174436
911,14.722295,ambiguous,0.090618
912,8.185428,good,0.465391
913,15.561072,ambiguous,0.026295
914,15.935005,ambiguous,0.140287
915,14.636893,ambiguous,0.080855
916,18.968811,garbage,0.108409
917,19.675461,garbage,0.190079
918,13.062480,good,0.244233
919,14.955556,ambiguous,0.285071
920,13.841451,ambiguous,0.062035
921,8.003009,good,0.333409
922,17.469177,garbage,0.046110
923,10.691348,good,0.478673
924,18.266314,garbage,0.037456
925,10.643806,good,0.496294
926,8.770017,good,0.163390
927,13.594651,ambiguous,0.513141
928,14.881416,ambiguous,0.275535
929,15.038278,ambiguous,0.131071
930,16.123114,ambiguous,0.136876
931,11.838906,good,0.443922
932,15.804459,ambiguous,0.160834
933,17.122686,ambiguous,0.040792
934,14.328544,ambiguous,0.105449
935,12.106064,good,0.416906
936,14.605989,ambiguous,0.304082
937,16.814989,ambiguous,0.107545
938,12.792671,good,0.102433
939,15.728620,ambiguous,0.059739
940,9.536445,good,0.325639
941,17.989471,garbage,0.087884
942,18.476028,garbage,0.142960
943,10.498726,good,0.221871
944,15.757291,ambiguous,0.157642
945,17.283888,garbage,0.077271
946,14.852212,ambiguous,0.031436
947,15.943315,ambiguous,0.237755
948,17.165888,garbage,0.255902
949,8.395621,good,0.770292
950,12.853443,good,0.243786
951,14.515269,ambiguous,0.313186
952,8.367742,good,0.469506
953,21.767965,garbage,0.024809
954,17.359133,garbage,0.110853
955,13.535838,ambiguous,0.247394
956,16.338722,ambiguous,0.127177
957,16.063593,ambiguous,0.106341
958,14.316138,ambiguous,0.446355
959,17.125486,ambiguous,0.657849
960,14.652367,ambiguous,0.180342
961,14.636608,ambiguous,0.259765
962,15.158104,ambiguous,0.425626
963,20.762222,garbage,0.108641
964,15.137235,ambiguous,0.098157
965,11.615218,good,0.216125
966,11.852577,good,0.204272
967,18.873241,garbage,0.267510
968,12.711272,good,0.186952
969,17.982721,garbage,0.051825
970,18.541893,garbage,0.072297
971,7.481811,good,0.287436
972,5.696875,good,0.373259
973,19.514229,garbage,0.069090
974,13.978603,ambiguous,0.263157
975,20.212021,garbage,0.034730
976,14.483795,ambiguous,0.330739
977,18.240248,garbage,0.455604
978,13.443112,ambiguous,0.277324
979,11.607371,good,0.232593
980,11.350663,good,0.133684
981,15.543957,ambiguous,0.093748
982,9.546501,good,0.139885
983,13.491195,ambiguous,0.499931
984,18.578489,garbage,0.090605
985,13.041622,good,0.102882
986,19.322870,garbage,0.046361
987,20.308517,garbage,0.298528
988,13.197288,ambiguous,0.135764
989,17.395975,garbage,0.051395
990,15.032109,ambiguous,0.290132
991,13.435387,ambiguous,0.247488
992,16.383986,ambiguous,0.096204
993,13.816436,ambiguous,0.467480
994,18.095915,garbage,0.066920
995,11.897343,good,0.154430
996,14.983958,ambiguous,0.308251
997,20.918098,garbage,0.092676
998,15.030025,ambiguous,0.234753
999,16.306862,ambiguous,0.214155
1000,17.399076,garbage,0.037989
1001,16.719118,ambiguous,0.124095
1002,15.632411,ambiguous,0.379580
1003,14.764896,ambiguous,0.206039
1004,19.556717,garbage,0.315806
1005,17.078905,ambiguous,0.160433
1006,11.164611,good,0.201873
1007,16.914820,ambiguous,0.120783
1008,17.546936,garbage,0.284287
1009,9.757148,good,0.645009
1010,13.792099,ambiguous,0.313882
1011,19.493475,garbage,0.097452
1012,13.262120,ambiguous,0.078559
1013,9.381086,good,0.525514
1014,9.874321,good,0.345818
1015,15.143463,ambiguous,0.094914
1016,13.020179,good,0.609653
1017,16.038649,ambiguous,0.724277
1018,16.418432,ambiguous,0.116629
1019,13.938690,ambiguous,0.178641
1020,14.467753,ambiguous,0.165992
1021,16.250124,ambiguous,0.037519
1022,18.812151,garbage,0.191784
1023,16.918549,ambiguous,0.045977
1024,18.486809,garbage,0.049491
1025,13.569968,ambiguous,0.330366
1026,17.613871,garbage,0.056879
1027,13.708592,ambiguous,0.398982
1028,16.422960,ambiguous,0.028894
1029,19.140646,garbage,0.052294
1030,12.774879,good,0.065326
1031,16.571360,ambiguous,0.039562
1032,13.429423,ambiguous,0.260453
1033,11.316299,good,0.108012
1034,17.800880,garbage,0.033938
1035,13.846324,ambiguous,0.280624
1036,13.594880,ambiguous,0.598073
1037,15.434830,ambiguous,0.288783
1038,18.273956,garbage,0.058660
1039,11.570390,good,0.363609
1040,17.885813,garbage,0.028171
1041,16.573275,ambiguous,0.061807
1042,15.170456,ambiguous,0.840653
1043,11.316117,good,0.090366
1044,15.798553,ambiguous,0.133954
1045,10.747795,good,0.325234
1046,16.417908,ambiguous,0.173622
1047,6.094389,good,0.391061
1048,13.351773,ambiguous,0.157639
1049,20.628403,garbage,0.051159
1050,12.971340,good,0.289763
1051,16.977322,ambiguous,0.041322
1052,13.369090,ambiguous,0.477315
1053,13.678482,ambiguous,0.220603
1054,15.041057,ambiguous,0.167815
1055,13.623440,ambiguous,0.203431
1056,9.857366,good,0.346907
1057,13.908959,ambiguous,0.089030
1058,17.141380,garbage,0.025866
1059,16.954016,ambiguous,0.079456
1060,14.279140,ambiguous,0.620605
1061,13.808113,ambiguous,0.213848
1062,13.776414,ambiguous,0.234836
1063,16.670813,ambiguous,0.046056
1064,10.109186,good,0.403099
1065,13.037433,good,0.528715
1066,18.095175,garbage,0.070800
1067,16.769468,ambiguous,0.275978
1068,14.288555,ambiguous,0.454815
1069,14.897368,ambiguous,0.473795
1070,18.619301,garbage,0.038853
1071,10.228619,good,0.217926
1072,16.913191,ambiguous,0.068623
1073,16.815353,ambiguous,0.061647
1074,14.905427,ambiguous,0.180171
1075,13.029761,good,0.151063
1076,15.393051,ambiguous,0.330305
1077,13.383616,ambiguous,0.518244
1078,16.727903,ambiguous,0.319078
1079,19.885824,garbage,0.243710
1080,10.455907,good,0.156783
1081,15.100761,ambiguous,0.287349
1082,14.507683,ambiguous,0.315172
1083,6.020927,good,0.308931
1084,17.107473,ambiguous,0.029406
1085,17.683779,garbage,0.077337
1086,12.610332,good,0.402891
1087,10.178168,good,0.248439
1088,14.629966,ambiguous,0.050523
1089,15.214976,ambiguous,0.316611
1090,15.280056,ambiguous,0.137294
1091,17.392962,garbage,0.092343
1092,15.439832,ambiguous,0.106760
1093,17.346537,garbage,0.056026
1094,9.174022,good,0.177308
1095,20.877115,garbage,0.047958
1096,13.045364,good,0.177797
1097,18.222971,garbage,0.088721
1098,14.847161,ambiguous,0.070734
1099,17.902626,garbage,0.066919
1100,17.053270,ambiguous,0.038445
1101,17.708704,garbage,0.088458
1102,12.751362,good,0.182255
1103,9.596137,good,0.203766
1104,16.764608,ambiguous,0.123596
1105,13.703128,ambiguous,0.191000
1106,12.893204,good,0.649236
1107,14.612905,ambiguous,0.117976
1108,13.826714,ambiguous,0.122122
1109,14.013989,ambiguous,0.639484
1110,16.181517,ambiguous,0.183623
1111,14.665713,ambiguous,0.269085
1112,14.640330,ambiguous,0.399040
1113,13.375155,ambiguous,0.176388
1114,13.841534,ambiguous,0.371573
1115,14.854217,ambiguous,0.065522
1116,10.180588,good,0.174631
1117,15.053555,ambiguous,0.219611
1118,16.381783,ambiguous,0.066861
1119,13.321248,ambiguous,0.174948
1120,14.887017,ambiguous,0.066069
1121,17.344019,garbage,0.065330
1122,14.099559,ambiguous,0.469044
1123,15.717228,ambiguous,0.055606
1124,12.198715,good,0.237816
1125,12.927934,good,0.676239
1126,10.466957,good,0.129983
1127,15.924563,ambiguous,0.111823
1128,13.647988,ambiguous,0.092813
1129,15.401058,ambiguous,0.266885
1130,19.922096,garbage,0.443068
1131,16.347643,ambiguous,0.036272
1132,13.462438,ambiguous,0.398762
1133,13.061645,good,0.423555
1134,13.053102,good,0.467719
1135,14.414192,ambiguous,0.458084
1136,9.542641,good,0.207562
1137,13.185691,ambiguous,0.431089
1138,12.321217,good,0.180180
1139,10.744670,good,0.104769
1140,9.117362,good,0.433410
1141,19.791338,garbage,0.070171
1142,14.594810,ambiguous,0.452681
1143,17.161766,garbage,0.124852
1144,9.764226,good,0.507322
1145,12.186284,good,0.192777
1146,16.061117,ambiguous,0.535011
1147,18.888487,garbage,0.117545
1148,18.712019,garbage,0.283416
1149,16.090101,ambiguous,0.075924
1150,16.769438,ambiguous,0.248979
1151,18.205896,garbage,0.298088
1152,9.049103,good,0.274134
1153,11.959140,good,0.213930
1154,16.254511,ambiguous,0.093351
1155,15.720627,ambiguous,0.083996
1156,16.696821,ambiguous,0.106572
1157,9.795401,good,0.612595
1158,18.090326,garbage,0.380648
1159,13.838417,ambiguous,0.294372
1160,19.156511,garbage,0.092769
1161,17.058527,ambiguous,0.128090
1162,17.953300,garbage,0.056726
1163,10.328389,good,0.212521
1164,13.613616,ambiguous,0.364574
1165,10.015985,good,0.302231
1166,17.414854,garbage,0.193599
1167,11.704536,good,0.179600
1168,17.454975,garbage,0.026847
1169,18.610075,garbage,0.062406
1170,20.213324,garbage,0.135546
1171,13.402237,ambiguous,0.189771
1172,15.508283,ambiguous,0.103263
1173,6.846006,good,0.440986
1174,15.896611,ambiguous,0.104176
1175,13.280335,ambiguous,0.290821
1176,15.794370,ambiguous,0.720762
1177,18.035057,garbage,0.041575
1178,14.474480,ambiguous,0.142859
1179,12.097622,good,0.098569
1180,15.680714,ambiguous,0.286308
1181,18.003065,garbage,0.075139
1182,18.465029,garbage,0.072297
1183,13.497884,ambiguous,0.462074
1184,12.853360,good,0.141005
1185,15.828321,ambiguous,0.072008
1186,17.502651,garbage,0.134266
1187,17.459579,garbage,0.048285
1188,10.957387,good,0.119666
1189,13.787539,ambiguous,0.160061
1190,10.948144,good,0.197934
1191,13.445558,ambiguous,0.374945
1192,12.312740,good,0.348185
1193,17.632126,garbage,0.175658
1194,16.392525,ambiguous,0.083873
1195,13.056865,good,0.078671
1196,19.079695,garbage,0.085549
1197,12.280995,good,0.152505
1198,13.749822,ambiguous,0.110810
1199,16.781256,ambiguous,0.187135
1200,15.835181,ambiguous,0.077709
1201,14.219205,ambiguous,0.115715
1202,15.206809,ambiguous,0.266210
1203,18.251448,garbage,0.074938
1204,8.054904,good,0.243434
1205,9.045102,good,0.401240
1206,16.127426,ambiguous,0.333662
1207,15.732112,ambiguous,0.047588
1208,9.812005,good,0.398879
1209,9.702645,good,0.097623
1210,14.807332,ambiguous,0.136469
1211,15.432069,ambiguous,0.040486
1212,15.372940,ambiguous,0.145540
1213,15.081439,ambiguous,0.104676
1214,12.160207,good,0.320454
1215,17.029634,ambiguous,0.024228
1216,17.012098,ambiguous,0.039278
1217,11.832215,good,0.193975
1218,19.011862,garbage,0.091092
1219,13.934440,ambiguous,0.194058
1220,11.448719,good,0.341993
1221,6.137455,good,0.476212
1222,13.787137,ambiguous,0.061894
1223,8.286307,good,0.122948
1224,15.801979,ambiguous,0.392373
1225,15.651787,ambiguous,0.479510
1226,11.791115,good,0.458930
1227,15.031796,ambiguous,0.418092
1228,14.589828,ambiguous,0.210139
1229,16.127520,ambiguous,0.326493
1230,10.091401,good,0.345571
1231,16.470606,ambiguous,0.104268
1232,14.040756,ambiguous,0.362356
1233,13.675865,ambiguous,0.117965
1234,15.800445,ambiguous,0.187623
1235,13.098536,good,0.168512
1236,15.898942,ambiguous,0.160435
1237,15.322034,ambiguous,0.107106
1238,9.094593,good,0.089805
1239,19.811710,garbage,0.142651
1240,17.061804,ambiguous,0.255382
1241,15.452679,ambiguous,0.410449
1242,14.759766,ambiguous,0.046588
1243,17.413328,garbage,0.122243
1244,17.147383,garbage,0.089535
1245,13.415978,ambiguous,0.120876
1246,19.150949,garbage,0.031440
1247,14.736660,ambiguous,0.273497
1248,5.896824,good,0.247564
1249,22.281515,garbage,0.107141
1250,13.766315,ambiguous,0.403829
1251,18.664667,garbage,0.093798
1252,15.808272,ambiguous,0.580364
1253,8.460714,good,0.310614
1254,17.760035,garbage,0.087104
1255,10.278064,good,0.285931
1256,17.278379,garbage,0.074452
1257,13.216003,ambiguous,0.359751
1258,15.488261,ambiguous,0.044969
1259,18.476480,garbage,0.076922
1260,20.206314,garbage,0.169337
1261,14.344499,ambiguous,0.068288
1262,17.256569,garbage,0.059239
1263,12.128990,good,0.112626
1264,17.668001,garbage,0.382719
1265,18.868034,garbage,0.083279
1266,16.870722,ambiguous,0.022025
1267,16.736818,ambiguous,0.266274
1268,15.164979,ambiguous,0.374299
1269,14.012239,ambiguous,0.320036
1270,12.547825,good,0.294477
1271,15.829646,ambiguous,0.370941
1272,17.179708,garbage,0.240463
1273,20.326477,garbage,0.305978
1274,11.262722,good,0.062026
1275,17.415583,garbage,0.025346
1276,16.603882,ambiguous,0.130626
1277,14.782121,ambiguous,0.308999
1278,14.429255,ambiguous,0.306579
1279,18.287798,garbage,0.471443
1280,16.707697,ambiguous,0.101018
1281,15.672326,ambiguous,0.077048
1282,10.620033,good,0.270325
1283,9.155957,good,0.263261
1284,14.677601,ambiguous,0.250169
1285,13.874813,ambiguous,0.228691
1286,9.804012,good,0.320134
1287,16.140444,ambiguous,0.049232
1288,12.813176,good,0.336953
1289,11.520907,good,0.160499
1290,17.471302,garbage,0.034191
1291,16.983027,ambiguous,0.145455
1292,8.173886,good,0.251321
1293,14.467748,ambiguous,0.266647
1294,15.281181,ambiguous,0.206914
1295,6.352852,good,0.412400
1296,13.977506,ambiguous,0.078523
1297,16.662016,ambiguous,0.083000
1298,12.829211,good,0.138942
1299,12.875492,good,0.291481
1300,17.385660,garbage,0.302950
1301,16.189779,ambiguous,0.132617
1302,21.091097,garbage,0.135590
1303,14.883157,ambiguous,0.220847
1304,15.976070,ambiguous,0.056855
1305,17.343889,garbage,0.167677
1306,19.359343,garbage,0.404716
1307,13.729358,ambiguous,0.087406
1308,17.769363,garbage,0.068452
1309,17.081604,ambiguous,0.056709
1310,17.219877,garbage,0.169747
1311,8.463053,good,0.311024
1312,13.594459,ambiguous,0.353654
1313,18.774839,garbage,0.029072
1314,17.323221,garbage,0.044879
1315,15.559321,ambiguous,0.120240
1316,16.614962,ambiguous,0.076702
1317,7.902602,good,0.369442
1318,13.684044,ambiguous,0.103336
1319,8.078678,good,0.374375
1320,15.078748,ambiguous,0.101441
1321,16.026121,ambiguous,0.239841
1322,15.140147,ambiguous,0.099866
1323,15.769645,ambiguous,0.566782
1324,17.056505,ambiguous,0.473862
1325,13.516064,ambiguous,0.147673
1326,16.951992,ambiguous,0.163232
1327,19.365496,garbage,0.052358
1328,17.144447,garbage,0.198483
1329,9.724760,good,0.627226
1330,7.527841,good,0.378352
1331,14.943751,ambiguous,0.231671
1332,10.567043,good,0.417936
1333,17.502394,garbage,0.251387
1334,13.963817,ambiguous,0.148375
1335,16.415174,ambiguous,0.502326
1336,11.313469,good,0.138873
1337,7.525322,good,0.349423
1338,17.559660,garbage,0.030349
1339,9.886979,good,0.559456
1340,16.315022,ambiguous,0.038246
1341,15.145420,ambiguous,0.424811
1342,19.086365,garbage,0.117867
1343,14.083220,ambiguous,0.175943
1344,15.759143,ambiguous,0.058898
1345,14.778872,ambiguous,0.050819
1346,17.390472,garbage,0.139929
1347,6.050302,good,0.382017
1348,9.849401,good,0.388160
1349,14.414729,ambiguous,0.116108
1350,16.149092,ambiguous,0.296856
1351,15.708135,ambiguous,0.177732
1352,10.406499,good,0.515388
1353,15.190145,ambiguous,0.066639
1354,18.415249,garbage,0.408048
1355,17.879034,garbage,0.033346
1356,18.532318,garbage,0.137069
1357,16.522909,ambiguous,0.501894
1358,20.422476,garbage,0.381617
1359,17.036787,ambiguous,0.086270
1360,12.047854,good,0.225112
1361,14.922340,ambiguous,0.277364
1362,9.341826,good,0.438189
1363,18.391474,garbage,0.086192
1364,17.507883,garbage,0.073863
1365,17.523653,garbage,0.073085
1366,17.824570,garbage,0.108501
1367,17.085228,ambiguous,0.130491
1368,14.488528,ambiguous,0.432503
1369,17.811623,garbage,0.076451
1370,18.560453,garbage,0.077934
1371,13.200230,ambiguous,0.429803
1372,9.497900,good,0.521470
1373,13.118768,good,0.124061
1374,14.254966,ambiguous,0.150443
1375,14.335570,ambiguous,0.390747
1376,14.588908,ambiguous,0.182571
1377,16.574320,ambiguous,0.112811
1378,17.659479,garbage,0.029241
1379,17.409880,garbage,0.045045
1380,19.191706,garbage,0.034291
1381,13.817555,ambiguous,0.116746
1382,6.458195,good,0.361099
1383,13.956806,ambiguous,0.208046
1384,13.135095,good,0.442846
1385,12.188182,good,0.044724
1386,7.810026,good,0.308582
1387,13.271586,ambiguous,0.104445
1388,17.720123,garbage,0.161834
1389,17.364906,garbage,0.180254
1390,11.566491,good,0.160798
1391,15.254603,ambiguous,0.164876
1392,16.996458,ambiguous,0.062139
1393,15.210872,ambiguous,0.157574
1394,19.079245,garbage,0.024490
1395,14.219346,ambiguous,0.098652
1396,15.372334,ambiguous,0.325285
1397,18.005285,garbage,0.207898
1398,15.593464,ambiguous,0.169585
1399,13.517581,ambiguous,0.048050
1400,10.506029,good,0.344545
1401,13.767598,ambiguous,0.109392
1402,15.953145,ambiguous,0.255723
1403,12.745144,good,0.151235
1404,12.636163,good,0.449751
1405,16.542269,ambiguous,0.124098
1406,17.903708,garbage,0.089469
1407,14.498620,ambiguous,0.156311
1408,16.742979,ambiguous,0.310720
1409,15.708260,ambiguous,0.090059
1410,13.445213,ambiguous,0.311740
1411,14.868626,ambiguous,0.066225
1412,20.070778,garbage,0.155206
1413,12.227275,good,0.183923
1414,19.390402,garbage,0.030175
1415,11.053337,good,0.400179
1416,15.116853,ambiguous,0.386058
1417,12.687284,good,0.397753
1418,8.940697,good,0.373090
1419,16.105885,ambiguous,0.100866
1420,14.371968,ambiguous,0.359381
1421,16.866428,ambiguous,0.306319
1422,18.314825,garbage,0.255921
1423,10.224692,good,0.134101
1424,13.821796,ambiguous,0.115781
1425,16.336134,ambiguous,0.126311
1426,18.374269,garbage,0.076151
1427,15.207700,ambiguous,0.709672
1428,9.742803,good,0.493369
1429,13.452357,ambiguous,0.409686
1430,14.273331,ambiguous,0.072212
1431,19.130770,garbage,0.026533
1432,10.555987,good,0.354166
1433,13.482219,ambiguous,0.488425
1434,10.791645,good,0.186504
1435,11.799538,good,0.424527
1436,17.412882,garbage,0.081916
1437,10.134755,good,0.330069
1438,12.748988,good,0.084736
1439,12.872304,good,0.208733
1440,16.888533,ambiguous,0.039480
1441,13.730110,ambiguous,0.314606
1442,15.975647,ambiguous,0.152263
1443,13.313873,ambiguous,0.536837
1444,15.118279,ambiguous,0.121950
1445,14.457050,ambiguous,0.157977
1446,15.616227,ambiguous,0.181368
1447,10.559319,good,0.048313
1448,8.193096,good,0.406908
1449,18.647806,garbage,0.185408
1450,10.832787,good,0.193366
1451,12.294126,good,0.530959
1452,12.649867,good,0.489660
1453,13.045810,good,0.453974
1454,18.319069,garbage,0.067302
1455,16.566658,ambiguous,0.217034
1456,17.363213,garbage,0.134480
1457,14.840164,ambiguous,0.494006
1458,11.811661,good,0.434801
1459,17.609398,garbage,0.083411
1460,16.122053,ambiguous,0.285341
1461,16.624880,ambiguous,0.274261
1462,7.760839,good,0.089344
1463,10.163472,good,0.151832
1464,13.044227,good,0.462798
1465,23.026972,garbage,0.056205
1466,16.229431,ambiguous,0.348150
1467,7.791158,good,0.415299
1468,13.465308,ambiguous,0.393278
1469,17.787020,garbage,0.070486
1470,14.181405,ambiguous,0.149485
1471,12.115681,good,0.256890
1472,13.235221,ambiguous,0.323670
1473,19.265112,garbage,0.102310
1474,14.246342,ambiguous,0.159230
1475,17.355452,garbage,0.053407
1476,17.297903,garbage,0.118858
1477,19.583986,garbage,0.037168
1478,8.183239,good,0.260617
1479,14.991849,ambiguous,0.293996
1480,16.244915,ambiguous,0.125168
1481,16.763311,ambiguous,0.440322
1482,16.278324,ambiguous,0.320768
1483,15.576823,ambiguous,0.095964
1484,10.886337,good,0.292477
1485,10.651447,good,0.274505
1486,8.280156,good,0.322648
1487,16.251726,ambiguous,0.195911
1488,14.059517,ambiguous,0.066921
1489,10.012814,good,0.525881
1490,18.147539,garbage,0.072817
1491,13.745776,ambiguous,0.149545
1492,17.521683,garbage,0.185169
1493,15.642142,ambiguous,0.055169
1494,8.553027,good,0.484246
1495,16.601072,ambiguous,0.151491
1496,11.987346,good,0.043420
1497,12.477268,good,0.273844
1498,11.102328,good,0.108174
1499,16.241312,ambiguous,0.125806
1500,16.240713,ambiguous,0.384116
1501,9.660220,good,0.261198
1502,16.852983,ambiguous,0.308508
1503,16.694296,ambiguous,0.153150
1504,14.055141,ambiguous,0.430386
1505,14.642816,ambiguous,0.278783
1506,12.117246,good,0.442769
1507,15.253991,ambiguous,0.176294
1508,18.124548,garbage,0.077640
1509,19.666830,garbage,0.071710
1510,11.062905,good,0.426623
1511,9.938878,good,0.284618
1512,12.466915,good,0.420426
1513,13.852551,ambiguous,0.137108
1514,15.612508,ambiguous,0.043386
1515,15.694016,ambiguous,0.404636
1516,11.134159,good,0.502495
1517,15.400693,ambiguous,0.073624
1518,13.167752,ambiguous,0.508051
1519,13.277969,ambiguous,0.369639
1520,11.149278,good,0.192400
1521,14.632155,ambiguous,0.427289
1522,13.691871,ambiguous,0.517443
1523,12.683459,good,0.102023
1524,13.428596,ambiguous,0.205599
1525,15.534210,ambiguous,0.097447
1526,13.726257,ambiguous,0.321453
1527,14.647334,ambiguous,0.136075
1528,16.448582,ambiguous,0.296639
1529,12.574615,good,0.075953
1530,10.244233,good,0.532841
1531,14.828640,ambiguous,0.117216
1532,15.539871,ambiguous,0.182929
1533,14.636729,ambiguous,0.068071
1534,16.919691,ambiguous,0.296556
1535,10.963447,good,0.177502
1536,14.371033,ambiguous,0.503292
1537,12.291539,good,0.264993
1538,17.243006,garbage,0.055535
1539,12.654819,good,0.150034
1540,18.797495,garbage,0.260802
1541,13.379580,ambiguous,0.416632
1542,13.478971,ambiguous,0.073255
1543,15.497167,ambiguous,0.176937
1544,16.839109,ambiguous,0.535873
1545,13.466376,ambiguous,0.382583
1546,14.618943,ambiguous,0.132264
1547,10.795807,good,0.166093
1548,18.109253,garbage,0.049225
1549,17.335939,garbage,0.068709
1550,13.480377,ambiguous,0.416690
1551,17.947357,garbage,0.054873
1552,14.177644,ambiguous,0.464932
1553,18.908310,garbage,0.225342
1554,14.264107,ambiguous,0.469478
1555,21.414972,garbage,0.065015
1556,16.347219,ambiguous,0.609408
1557,17.725199,garbage,0.052213
1558,15.577558,ambiguous,0.132869
1559,19.719896,garbage,0.042398
1560,16.147385,ambiguous,0.048234
1561,13.248464,ambiguous,0.465172
1562,12.465682,good,0.493248
1563,16.726507,ambiguous,0.135015
1564,13.079595,good,0.284447
1565,12.026627,good,0.332351
1566,7.860951,good,0.518146
1567,15.575665,ambiguous,0.081093
1568,18.109451,garbage,0.069993
1569,15.696671,ambiguous,0.387963
1570,14.258815,ambiguous,0.181000
1571,14.087119,ambiguous,0.186178
1572,17.044371,ambiguous,0.292516
1573,15.057549,ambiguous,0.079771
1574,13.463921,ambiguous,0.334764
1575,8.934010,good,0.580920
1576,16.270967,ambiguous,0.133750
1577,18.277864,garbage,0.097953
1578,13.790768,ambiguous,0.310251
1579,15.407344,ambiguous,0.255430
1580,18.177404,garbage,0.420610
1581,9.441218,good,0.087440
1582,16.338892,ambiguous,0.161914
1583,16.993872,ambiguous,0.526182
1584,14.629710,ambiguous,0.385384
1585,14.282208,ambiguous,0.094489
1586,17.140368,garbage,0.046925
1587,15.657658,ambiguous,0.124702
1588,15.544117,ambiguous,0.136900
1589,8.666545,good,0.621094
1590,15.786801,ambiguous,0.200261
1591,16.333437,ambiguous,0.342261
1592,6.457835,good,0.375495
1593,13.732292,ambiguous,0.087994
1594,9.809073,good,0.238499
1595,15.230190,ambiguous,0.192700
1596,12.725478,good,0.078065
1597,10.381167,good,0.164025
1598,16.878914,ambiguous,0.076272
1599,20.433718,garbage,0.100300
1600,20.001902,garbage,0.079416
1601,16.659941,ambiguous,0.441265
1602,14.547326,ambiguous,0.136471
1603,15.887344,ambiguous,0.619517
1604,15.188854,ambiguous,0.100868
1605,15.419293,ambiguous,0.066691
1606,17.210543,garbage,0.470486
1607,16.458605,ambiguous,0.109621
1608,10.192500,good,0.266190
1609,18.918013,garbage,0.162343
1610,16.092552,ambiguous,0.132126
1611,15.559405,ambiguous,0.155891
1612,19.593046,garbage,0.054860
1613,11.291652,good,0.220606
1614,16.895432,ambiguous,0.076626
1615,14.976605,ambiguous,0.124118
1616,13.546818,ambiguous,0.302752
1617,17.226068,garbage,0.027822
1618,14.465274,ambiguous,0.169778
1619,18.224953,garbage,0.123436
1620,9.319412,good,0.212313
1621,15.102736,ambiguous,0.297882
1622,16.600981,ambiguous,0.358354
1623,20.224411,garbage,0.109033
1624,16.280268,ambiguous,0.082216
1625,9.619863,good,0.240744
1626,12.693031,good,0.269950
1627,15.118979,ambiguous,0.114735
1628,13.632354,ambiguous,0.076075
1629,15.849136,ambiguous,0.562726
1630,13.945298,ambiguous,0.046701
1631,13.383575,ambiguous,0.121952
1632,7.849645,good,0.358046
1633,8.928384,good,0.329070
1634,16.626505,ambiguous,0.053233
1635,13.771016,ambiguous,0.497744
1636,9.494596,good,0.162899
1637,11.090434,good,0.463248
1638,11.929944,good,0.183123
1639,6.909564,good,0.470839
1640,16.806757,ambiguous,0.041582
1641,16.097006,ambiguous,0.055319
1642,15.737164,ambiguous,0.111745
1643,17.470366,garbage,0.038127
1644,17.366606,garbage,0.071767
1645,17.746248,garbage,0.066261
1646,13.376950,ambiguous,0.267054
1647,14.486763,ambiguous,0.376885
1648,13.480634,ambiguous,0.520622
1649,17.646101,garbage,0.196544
1650,18.084627,garbage,0.107849
1651,12.001864,good,0.078259
1652,12.100936,good,0.311792
1653,15.748851,ambiguous,0.530219
1654,14.625359,ambiguous,0.248927
1655,16.384201,ambiguous,0.044636
1656,16.428122,ambiguous,0.532683
1657,15.225643,ambiguous,0.060512
1658,15.065376,ambiguous,0.059416
1659,17.302866,garbage,0.102086
1660,11.667033,good,0.284285
1661,16.660263,ambiguous,0.123928
1662,14.554065,ambiguous,0.458295
1663,16.538431,ambiguous,0.086146
1664,16.725479,ambiguous,0.131141
1665,14.727258,ambiguous,0.096467
1666,14.475243,ambiguous,0.485980
1667,13.232631,ambiguous,0.619324
1668,12.365079,good,0.603496
1669,14.468450,ambiguous,0.366189
1670,12.516747,good,0.451985
1671,14.501676,ambiguous,0.064604
1672,17.219580,garbage,0.100359
1673,13.502968,ambiguous,0.161853
1674,8.972898,good,0.132909
1675,17.581072,garbage,0.065645
1676,15.887184,ambiguous,0.192542
1677,13.491431,ambiguous,0.535389
1678,14.450694,ambiguous,0.301494
1679,13.990191,ambiguous,0.080856
1680,17.533688,garbage,0.112523
1681,13.309140,ambiguous,0.120646
1682,13.212188,ambiguous,0.224380
1683,16.246897,ambiguous,0.018198
1684,18.388865,garbage,0.026684
1685,11.261882,good,0.260011
1686,17.675241,garbage,0.183744
1687,13.122566,good,0.641369
1688,16.535990,ambiguous,0.355247
1689,6.872963,good,0.390503
1690,15.848475,ambiguous,0.064487
1691,9.176642,good,0.408263
1692,15.819476,ambiguous,0.335492
1693,16.104872,ambiguous,0.043343
1694,12.643254,good,0.445689
1695,17.151632,garbage,0.202912
1696,13.929016,ambiguous,0.167615
1697,14.524066,ambiguous,0.176796
1698,16.303602,ambiguous,0.107482
1699,14.779647,ambiguous,0.113891
1700,16.540155,ambiguous,0.079333
1701,14.686577,ambiguous,0.020254
1702,14.546517,ambiguous,0.258141
1703,12.451516,good,0.412650
1704,16.281334,ambiguous,0.091214
1705,17.713802,garbage,0.028831
1706,13.283452,ambiguous,0.212619
1707,13.434762,ambiguous,0.113606
1708,13.947083,ambiguous,0.222736
1709,17.775572,garbage,0.216715
1710,11.077439,good,0.097163
1711,10.621143,good,0.245830
1712,10.845447,good,0.227787
1713,13.146370,ambiguous,0.352112
1714,16.266190,ambiguous,0.122545
1715,8.881707,good,0.418160
1716,16.253195,ambiguous,0.111015
1717,17.465574,garbage,0.235715
1718,15.389640,ambiguous,0.244993
1719,12.544377,good,0.307930
1720,18.370905,garbage,0.108488
1721,14.642879,ambiguous,0.262644
1722,8.788918,good,0.614368
1723,17.981598,garbage,0.063676
1724,11.599605,good,0.509708
1725,9.538508,good,0.299252
1726,14.409650,ambiguous,0.132410
1727,13.088801,good,0.127985
1728,12.718098,good,0.385040
1729,7.117800,good,0.398672
1730,16.637817,ambiguous,0.094797
1731,15.912872,ambiguous,0.207601
1732,17.476072,garbage,0.257564
1733,8.549320,good,0.279331
1734,16.912958,ambiguous,0.030400
1735,18.406034,garbage,0.062801
1736,6.667795,good,0.393687
1737,13.686543,ambiguous,0.753083
1738,12.276944,good,0.142443
1739,16.467749,ambiguous,0.016214
1740,17.760445,garbage,0.059312
1741,18.504999,garbage,0.092152
1742,20.735575,garbage,0.034582
1743,14.138801,ambiguous,0.079532
1744,11.102573,good,0.206505
1745,13.342593,ambiguous,0.272361
1746,15.355125,ambiguous,0.323743
1747,11.933896,good,0.141793
1748,13.560788,ambiguous,0.246897
1749,16.025404,ambiguous,0.035638
1750,14.855540,ambiguous,0.250130
1751,9.215564,good,0.176025
1752,18.230263,garbage,0.134918
1753,14.026689,ambiguous,0.220044
1754,12.942169,good,0.583161
1755,13.616923,ambiguous,0.161564
1756,15.528709,ambiguous,0.189446
1757,17.304155,garbage,0.289863
1758,13.125739,good,0.170572
1759,12.928805,good,0.231040
1760,13.945832,ambiguous,0.371562
1761,18.391436,garbage,0.177478
1762,12.751152,good,0.439266
1763,13.244446,ambiguous,0.303077
1764,6.300915,good,0.271442
1765,10.211865,good,0.171332
1766,16.508566,ambiguous,0.072274
1767,11.296529,good,0.312781
1768,17.234308,garbage,0.138092
1769,14.696808,ambiguous,0.171720
1770,18.082420,garbage,0.470124
1771,20.426416,garbage,0.026015
1772,7.282473,good,0.374801
1773,12.380521,good,0.234978
1774,8.909782,good,0.420047
1775,13.199878,ambiguous,0.604650
1776,20.512342,garbage,0.060826
1777,17.746058,garbage,0.446581
1778,16.411713,ambiguous,0.173221
1779,10.004196,good,0.349005
1780,15.902641,ambiguous,0.030448
1781,17.110430,ambiguous,0.098176
1782,16.954157,ambiguous,0.025205
1783,6.934418,good,0.375372
1784,15.823253,ambiguous,0.311469
1785,16.041908,ambiguous,0.143870
1786,16.528269,ambiguous,0.195985
1787,14.742271,ambiguous,0.401134
1788,15.846156,ambiguous,0.131655
1789,14.873985,ambiguous,0.090294
1790,12.548072,good,0.215119
1791,21.841841,garbage,0.094535
1792,18.089003,garbage,0.062590
1793,16.967203,ambiguous,0.094485
1794,14.387867,ambiguous,0.229841
1795,18.163864,garbage,0.110474
1796,13.167473,ambiguous,0.385750
1797,14.028323,ambiguous,0.245215
1798,16.433689,ambiguous,0.067548
1799,16.239180,ambiguous,0.157004
1800,12.169593,good,0.201977
1801,12.559072,good,0.150721
1802,18.207617,garbage,0.071106
1803,17.918533,garbage,0.164143
1804,16.979624,ambiguous,0.185596
1805,15.476718,ambiguous,0.173849
1806,16.664505,ambiguous,0.110792
1807,8.875183,good,0.363615
1808,18.477833,garbage,0.059030
1809,15.891472,ambiguous,0.149843
1810,15.493052,ambiguous,0.171011
1811,14.947186,ambiguous,0.221243
1812,9.602011,good,0.427165
1813,17.352459,garbage,0.142631
1814,15.213683,ambiguous,0.173014
1815,13.671173,ambiguous,0.193751
1816,12.383676,good,0.150801
1817,13.748928,ambiguous,0.174519
1818,12.884483,good,0.329000
1819,16.721458,ambiguous,0.108880
1820,14.193799,ambiguous,0.070509
1821,14.848176,ambiguous,0.275958
1822,15.453724,ambiguous,0.055616
1823,15.339496,ambiguous,0.353456
1824,17.333406,garbage,0.148597
1825,19.098837,garbage,0.066711
1826,17.336618,garbage,0.060225
1827,14.575634,ambiguous,0.443778
1828,13.328273,ambiguous,0.057728
1829,16.499567,ambiguous,0.268593
1830,21.572563,garbage,0.023393
1831,17.207895,garbage,0.089984
1832,18.477989,garbage,0.057851
1833,15.230698,ambiguous,0.235066
1834,18.405100,garbage,0.030202
1835,19.486635,garbage,0.085225
1836,12.469883,good,0.180631
1837,12.008592,good,0.410170
1838,10.092177,good,0.261251
1839,15.466285,ambiguous,0.184492
1840,8.173406,good,0.475286
1841,15.969672,ambiguous,0.301911
1842,14.232514,ambiguous,0.321093
1843,9.912583,good,0.443460
1844,13.676613,ambiguous,0.119805
1845,13.944411,ambiguous,0.079828
1846,19.083616,garbage,0.208958
1847,17.138084,garbage,0.273976
1848,17.529680,garbage,0.057545
1849,15.785327,ambiguous,0.108670
1850,16.104034,ambiguous,0.185466
1851,15.337933,ambiguous,0.213330
1852,15.192421,ambiguous,0.105480
1853,13.897647,ambiguous,0.068639
1854,11.719272,good,0.147887
1855,15.912772,ambiguous,0.148447
1856,18.478544,garbage,0.118504
1857,11.061536,good,0.388205
1858,14.071968,ambiguous,0.110504
1859,15.254947,ambiguous,0.378303
1860,15.946042,ambiguous,0.565164
1861,18.351805,garbage,0.070390
1862,12.399873,good,0.208358
1863,18.442392,garbage,0.032130
1864,16.651686,ambiguous,0.050735
1865,7.773312,good,0.268581
1866,16.338823,ambiguous,0.251517
1867,13.381317,ambiguous,0.200172
1868,14.571781,ambiguous,0.328333
1869,19.082853,garbage,0.047551
1870,17.178230,garbage,0.264752
1871,17.521021,garbage,0.175379
1872,14.533978,ambiguous,0.590762
1873,15.166331,ambiguous,0.150763
1874,17.409117,garbage,0.050449
1875,18.174715,garbage,0.090162
1876,9.037972,good,0.349629
1877,16.113432,ambiguous,0.061893
1878,20.057905,garbage,0.074404
1879,19.273140,garbage,0.040768
1880,16.106857,ambiguous,0.103362
1881,8.140622,good,0.309462
1882,5.038268,good,0.336809
1883,20.888418,garbage,0.081108
1884,14.644474,ambiguous,0.114067
1885,20.107187,garbage,0.262559
1886,16.353392,ambiguous,0.049092
1887,12.367908,good,0.091209
1888,15.382957,ambiguous,0.168205
1889,14.780391,ambiguous,0.074825
1890,19.793161,garbage,0.277693
1891,14.541157,ambiguous,0.318765
1892,17.315756,garbage,0.116167
1893,16.887672,ambiguous,0.066076
1894,14.778050,ambiguous,0.342546
1895,16.831720,ambiguous,0.105656
1896,19.073601,garbage,0.042283
1897,13.824130,ambiguous,0.126750
1898,17.015442,ambiguous,0.316976
1899,17.585501,garbage,0.049157
1900,17.818512,garbage,0.028531
1901,14.771878,ambiguous,0.078816
1902,14.280982,ambiguous,0.185329
1903,13.258542,ambiguous,0.246851
1904,14.897254,ambiguous,0.275207
1905,7.427231,good,0.572954
1906,15.419636,ambiguous,0.091963
1907,10.843849,good,0.209238
1908,17.125505,ambiguous,0.139830
1909,17.820078,garbage,0.048312
1910,16.929544,ambiguous,0.126975
1911,19.829050,garbage,0.134707
1912,19.306534,garbage,0.091064
1913,18.247688,garbage,0.039104
1914,9.421888,good,0.260388
1915,12.735962,good,0.223457
1916,11.154526,good,0.208971
1917,8.911282,good,0.344506
1918,14.743537,ambiguous,0.331633
1919,17.423981,garbage,0.151471
1920,12.893155,good,0.320406
1921,17.018145,ambiguous,0.107501
1922,17.869112,garbage,0.117122
1923,11.558116,good,0.277145
1924,14.572568,ambiguous,0.295742
1925,10.881805,good,0.079718
1926,15.245816,ambiguous,0.079493
1927,17.380713,garbage,0.091934
1928,14.338899,ambiguous,0.062633
1929,15.207734,ambiguous,0.186254
1930,13.677692,ambiguous,0.130713
1931,12.987926,good,0.336080
1932,18.304993,garbage,0.096278
1933,19.100395,garbage,0.138403
1934,15.173351,ambiguous,0.494284
1935,17.797432,garbage,0.043753
1936,8.262318,good,0.283170
1937,13.041696,good,0.308677
1938,15.956340,ambiguous,0.035233
1939,15.222962,ambiguous,0.274344
1940,8.650384,good,0.129233
1941,10.687778,good,0.095958
1942,12.733986,good,0.161572
1943,16.627302,ambiguous,0.112856
1944,11.593148,good,0.230801
1945,16.634384,ambiguous,0.314768
1946,16.712114,ambiguous,0.026601
1947,18.664278,garbage,0.032332
1948,7.144615,good,0.506245
1949,18.966436,garbage,0.045427
1950,18.002815,garbage,0.176686
1951,15.355740,ambiguous,0.072408
1952,14.850159,ambiguous,0.101736
1953,16.327057,ambiguous,0.077917
1954,16.096102,ambiguous,0.403427
1955,15.305717,ambiguous,0.183437
1956,19.333828,garbage,0.238016
1957,14.136243,ambiguous,0.225465
1958,14.955700,ambiguous,0.197174
1959,18.083025,garbage,0.151503
1960,14.754100,ambiguous,0.063578
1961,15.531609,ambiguous,0.776119
1962,13.679608,ambiguous,0.064683
1963,15.972202,ambiguous,0.567080
1964,14.134988,ambiguous,0.380185
1965,13.526864,ambiguous,0.265533
1966,17.608679,garbage,0.045206
1967,16.976738,ambiguous,0.056938
1968,18.810608,garbage,0.044268
1969,18.111723,garbage,0.196090
1970,10.314040,good,0.532380
1971,18.392115,garbage,0.060627
1972,16.435080,ambiguous,0.608327
1973,11.148823,good,0.413906
1974,18.410618,garbage,0.168138
1975,13.414150,ambiguous,0.055722
1976,17.942345,garbage,0.351942
1977,17.214651,garbage,0.332372
1978,8.074166,good,0.585203
1979,16.098152,ambiguous,0.265083
1980,15.602765,ambiguous,0.311100
1981,15.833766,ambiguous,0.043475
1982,12.596745,good,0.144211
1983,19.117622,garbage,0.058069
1984,14.279564,ambiguous,0.431558
1985,19.187971,garbage,0.067220
1986,16.723394,ambiguous,0.251421
1987,16.303734,ambiguous,0.293399
1988,15.154925,ambiguous,0.376840
1989,15.989055,ambiguous,0.029187
1990,18.260855,garbage,0.084097
1991,14.966469,ambiguous,0.213825
1992,10.746505,good,0.189639
1993,9.143571,good,0.452042
1994,16.132452,ambiguous,0.116335
1995,16.468908,ambiguous,0.193042
1996,16.285927,ambiguous,0.562918
1997,16.834539,ambiguous,0.465247
1998,12.977719,good,0.138268
1999,17.591738,garbage,0.042184
2000,18.653971,garbage,0.208430
2001,10.212687,good,0.531928
2002,15.820419,ambiguous,0.055063
2003,13.312907,ambiguous,0.445590
2004,15.921658,ambiguous,0.172234
2005,13.311791,ambiguous,0.177865
2006,16.685896,ambiguous,0.085841
2007,16.710234,ambiguous,0.610134
2008,14.606877,ambiguous,0.332669
2009,14.840659,ambiguous,0.066901
2010,13.574112,ambiguous,0.228143
2011,11.900128,good,0.201617
2012,15.267264,ambiguous,0.284871
2013,12.892124,good,0.090072
2014,13.904396,ambiguous,0.186297
2015,9.817059,good,0.255683
2016,11.046143,good,0.455193
2017,14.363126,ambiguous,0.512153
2018,17.081631,ambiguous,0.079521
2019,17.519991,garbage,0.044062
2020,14.271396,ambiguous,0.119044
2021,17.344221,garbage,0.037751
2022,11.441566,good,0.113604
2023,17.979158,garbage,0.088063
2024,13.817210,ambiguous,0.184885
2025,16.732492,ambiguous,0.284765
2026,11.154967,good,0.467495
2027,14.796424,ambiguous,0.378437
2028,20.384577,garbage,0.078015
2029,9.962879,good,0.348841
2030,12.922654,good,0.128411
2031,9.178733,good,0.165983
2032,12.661273,good,0.427814
2033,20.376198,garbage,0.042753
2034,16.302904,ambiguous,0.087653
2035,18.978102,garbage,0.051747
2036,15.476589,ambiguous,0.113924
2037,13.791553,ambiguous,0.145939
2038,16.863411,ambiguous,0.025006
2039,17.739967,garbage,0.075033
2040,7.702467,good,0.253014
2041,14.414491,ambiguous,0.096317
2042,16.527277,ambiguous,0.085492
2043,19.355637,garbage,0.200556
2044,16.923286,ambiguous,0.660310
2045,14.772068,ambiguous,0.489296
2046,13.159332,ambiguous,0.374559
2047,7.959282,good,0.504766
2048,16.447998,ambiguous,0.176511
2049,15.491817,ambiguous,0.067796
2050,10.764977,good,0.226101
2051,12.652084,good,0.313285
2052,14.622838,ambiguous,0.154590
2053,14.669090,ambiguous,0.501189
2054,6.781866,good,0.403356
2055,7.225085,good,0.446243
2056,17.227835,garbage,0.287002
2057,15.943084,ambiguous,0.447652
2058,15.660538,ambiguous,0.201565
2059,12.453235,good,0.379742
2060,18.982618,garbage,0.039666
2061,15.085702,ambiguous,0.200711
2062,16.823957,ambiguous,0.261368
2063,17.705406,garbage,0.043537
2064,17.389095,garbage,0.106336
2065,13.450264,ambiguous,0.172272
2066,9.075565,good,0.412113
2067,13.360931,ambiguous,0.171147
2068,17.096718,ambiguous,0.171605
2069,18.125273,garbage,0.025469
2070,14.549085,ambiguous,0.262776
2071,16.956200,ambiguous,0.053443
2072,13.236901,ambiguous,0.459027
2073,19.456652,garbage,0.071800
2074,6.779741,good,0.465364
2075,19.526335,garbage,0.072546
2076,14.725765,ambiguous,0.093193
2077,15.066257,ambiguous,0.538968
2078,10.694057,good,0.326480
2079,16.963440,ambiguous,0.045700
2080,16.233583,ambiguous,0.207361
2081,13.926623,ambiguous,0.370781
2082,19.129669,garbage,0.026116
2083,22.736710,garbage,0.027539
2084,13.786935,ambiguous,0.293769
2085,18.169962,garbage,0.067246
2086,16.298025,ambiguous,0.094403
2087,15.241692,ambiguous,0.070237
2088,14.123471,ambiguous,0.179277
2089,19.593578,garbage,0.078608
2090,7.009857,good,0.586950
2091,15.752759,ambiguous,0.042388
2092,8.179445,good,0.489267
2093,14.650352,ambiguous,0.447768
2094,16.377579,ambiguous,0.171073
2095,17.414278,garbage,0.148568
2096,13.275592,ambiguous,0.373620
2097,16.824699,ambiguous,0.070908
2098,18.297285,garbage,0.271424
2099,14.186379,ambiguous,0.459388
2100,10.921426,good,0.278832
2101,14.165225,ambiguous,0.353549
2102,18.269678,garbage,0.084980
2103,12.713689,good,0.152743
2104,13.520823,ambiguous,0.329018
2105,13.369209,ambiguous,0.348993
2106,15.078740,ambiguous,0.060568
2107,10.972768,good,0.316408
2108,14.604753,ambiguous,0.484278
2109,16.241961,ambiguous,0.059673
2110,8.818644,good,0.310298
2111,10.910240,good,0.343516
2112,16.625528,ambiguous,0.096680
2113,15.388919,ambiguous,0.030903
2114,15.821315,ambiguous,0.178630
2115,13.238800,ambiguous,0.455191
2116,18.804337,garbage,0.063143
2117,16.806480,ambiguous,0.394596
2118,15.820600,ambiguous,0.074813
2119,8.301170,good,0.255486
2120,18.447794,garbage,0.374491
2121,12.809077,good,0.186852
2122,14.557813,ambiguous,0.092750
2123,14.699181,ambiguous,0.133356
2124,17.245272,garbage,0.051953
2125,15.519096,ambiguous,0.164254
2126,18.835266,garbage,0.104706
2127,19.296648,garbage,0.129234
2128,17.936010,garbage,0.098792
2129,14.232814,ambiguous,0.615995
2130,11.962043,good,0.208094
2131,11.699394,good,0.199300
2132,17.534891,garbage,0.173315
2133,13.416976,ambiguous,0.060608
2134,17.786139,garbage,0.077187
2135,7.720010,good,0.492531
2136,10.522644,good,0.421349
2137,8.343374,good,0.129799
2138,13.468025,ambiguous,0.580298
2139,14.806072,ambiguous,0.305342
2140,16.426939,ambiguous,0.047036
2141,16.409220,ambiguous,0.709926
2142,13.300384,ambiguous,0.458266
2143,20.465891,garbage,0.160411
2144,8.899655,good,0.201273
2145,14.994670,ambiguous,0.325467
2146,14.073593,ambiguous,0.026258
2147,11.284579,good,0.207093
2148,15.533726,ambiguous,0.104859
2149,12.811700,good,0.180858
2150,9.219794,good,0.247307
2151,17.779480,garbage,0.100842
2152,14.755771,ambiguous,0.140668
2153,14.876450,ambiguous,0.210784
2154,21.219540,garbage,0.111895
2155,19.588160,garbage,0.090180
2156,19.129164,garbage,0.091444
2157,11.635429,good,0.233391
2158,12.294061,good,0.106278
2159,13.802116,ambiguous,0.356292
2160,18.493086,garbage,0.093482
2161,14.437909,ambiguous,0.086949
2162,12.727201,good,0.056716
2163,14.439908,ambiguous,0.110590
2164,17.016451,ambiguous,0.226434
2165,10.402591,good,0.219858
2166,14.316411,ambiguous,0.209928
2167,13.393585,ambiguous,0.257072
2168,13.405543,ambiguous,0.223614
2169,14.287613,ambiguous,0.319651
2170,18.227327,garbage,0.055065
2171,17.472466,garbage,0.288897
2172,16.584530,ambiguous,0.601573
2173,17.735353,garbage,0.056264
2174,9.004699,good,0.240281
2175,17.372221,garbage,0.041037
2176,12.887974,good,0.472165
2177,19.784353,garbage,0.270011
2178,11.736873,good,0.313919
2179,8.414206,good,0.286234
2180,14.944440,ambiguous,0.171912
2181,14.587803,ambiguous,0.065618
2182,14.573125,ambiguous,0.083905
2183,17.145365,garbage,0.080812
2184,16.554407,ambiguous,0.230043
2185,16.725042,ambiguous,0.035253
2186,15.675429,ambiguous,0.363251
2187,17.098867,ambiguous,0.023352
2188,18.894484,garbage,0.585110
2189,14.539174,ambiguous,0.061133
2190,17.083263,ambiguous,0.046822
2191,15.200803,ambiguous,0.071852
2192,16.198866,ambiguous,0.053136
2193,18.115059,garbage,0.041353
2194,13.274497,ambiguous,0.277511
2195,12.292958,good,0.266016
2196,11.098769,good,0.082882
2197,18.869665,garbage,0.070075
2198,14.737042,ambiguous,0.258934
2199,11.613472,good,0.274399
2200,13.688327,ambiguous,0.269787
2201,17.312420,garbage,0.044097
2202,19.793373,garbage,0.035710
2203,20.260138,garbage,0.045897
2204,18.064871,garbage,0.151969
2205,14.132085,ambiguous,0.244809
2206,16.937187,ambiguous,0.255149
2207,14.180013,ambiguous,0.136468
2208,17.580175,garbage,0.115353
2209,15.671295,ambiguous,0.104270
2210,16.686281,ambiguous,0.044655
2211,7.643546,good,0.269555
2212,15.098567,ambiguous,0.366883
2213,17.929596,garbage,0.057005
2214,13.890895,ambiguous,0.145247
2215,15.509827,ambiguous,0.257057
2216,17.125778,ambiguous,0.105474
2217,18.406065,garbage,0.110692
2218,17.185781,garbage,0.130513
2219,11.654931,good,0.426586
2220,14.825139,ambiguous,0.112726
2221,14.875882,ambiguous,0.099274
2222,10.714698,good,0.191225
2223,11.737638,good,0.104137
2224,17.932173,garbage,0.089949
2225,19.041941,garbage,0.052520
2226,17.413752,garbage,0.123710
2227,16.362421,ambiguous,0.040720
2228,15.713498,ambiguous,0.395702
2229,14.391403,ambiguous,0.105434
2230,15.231196,ambiguous,0.136753
2231,16.490221,ambiguous,0.684472
2232,15.181770,ambiguous,0.144507
2233,15.073630,ambiguous,0.088206
2234,12.934307,good,0.234469
2235,16.375357,ambiguous,0.085074
2236,11.647579,good,0.097797
2237,16.398674,ambiguous,0.159735
2238,15.963341,ambiguous,0.066378
2239,17.934189,garbage,0.135506
2240,17.497881,garbage,0.293578
2241,16.421766,ambiguous,0.073155
2242,14.532906,ambiguous,0.057481
2243,7.641703,good,0.383027
2244,16.186808,ambiguous,0.533330
2245,17.376970,garbage,0.252842
2246,19.600542,garbage,0.074309
2247,13.804173,ambiguous,0.243404
2248,14.098392,ambiguous,0.144897
2249,10.257293,good,0.176610
2250,13.056565,good,0.520509
2251,18.862532,garbage,0.156958
2252,16.076635,ambiguous,0.427575
2253,16.094002,ambiguous,0.186062
2254,20.101664,garbage,0.062949
2255,13.008992,good,0.266034
2256,14.275627,ambiguous,0.422933
2257,17.762712,garbage,0.133628
2258,10.347001,good,0.250063
2259,15.338047,ambiguous,0.083719
2260,15.209071,ambiguous,0.293991
2261,7.188810,good,0.518979
2262,15.525615,ambiguous,0.049609
2263,18.584974,garbage,0.096763
2264,16.777792,ambiguous,0.055438
2265,10.502270,good,0.588940
2266,15.799823,ambiguous,0.063305
2267,14.868233,ambiguous,0.225691
2268,15.386444,ambiguous,0.064626
2269,13.234802,ambiguous,0.204921
2270,12.152458,good,0.366967
2271,15.384448,ambiguous,0.332494
2272,7.899143,good,0.152507
2273,13.065831,good,0.096142
2274,14.618846,ambiguous,0.186240
2275,13.656615,ambiguous,0.262270
2276,15.332959,ambiguous,0.482208
2277,12.271018,good,0.389806
2278,16.078642,ambiguous,0.218473
2279,12.790414,good,0.197233
2280,17.602045,garbage,0.107643
2281,15.081443,ambiguous,0.294438
2282,7.391247,good,0.247243
2283,9.798554,good,0.140386
2284,18.066095,garbage,0.059442
2285,15.839629,ambiguous,0.195521
2286,18.911812,garbage,0.039982
2287,18.003574,garbage,0.098497
2288,15.725803,ambiguous,0.255693
2289,15.966216,ambiguous,0.160282
2290,14.341676,ambiguous,0.583130
2291,10.086819,good,0.516352
2292,17.241571,garbage,0.110118
2293,14.250463,ambiguous,0.375406
2294,16.627504,ambiguous,0.659305
2295,17.238720,garbage,0.178215
2296,17.333151,garbage,0.086866
2297,17.244040,garbage,0.247497
2298,15.264667,ambiguous,0.036791
2299,18.534891,garbage,0.441029
2300,17.318289,garbage,0.326915
2301,17.133034,ambiguous,0.126370
2302,10.657687,good,0.710764
2303,19.078461,garbage,0.147564
2304,14.494335,ambiguous,0.136224
2305,17.608475,garbage,0.133180
2306,13.659889,ambiguous,0.462602
2307,15.499069,ambiguous,0.055029
2308,17.329548,garbage,0.039224
2309,14.388931,ambiguous,0.620536
2310,11.965848,good,0.392486
2311,16.036287,ambiguous,0.193415
2312,16.265116,ambiguous,0.179720
2313,13.614483,ambiguous,0.193600
2314,17.624275,garbage,0.413525
2315,13.058891,good,0.522643
2316,12.545943,good,0.115601
2317,13.617986,ambiguous,0.466171
2318,16.707640,ambiguous,0.037096
2319,13.593158,ambiguous,0.471074
2320,13.471707,ambiguous,0.289555
2321,12.656105,good,0.206367
2322,15.719457,ambiguous,0.117414
2323,18.514015,garbage,0.130325
2324,15.660405,ambiguous,0.075779
2325,10.333209,good,0.466290
2326,5.043589,good,0.547736
2327,11.960144,good,0.129732
2328,12.181267,good,0.164293
2329,16.551722,ambiguous,0.077189
2330,9.468105,good,0.168919
2331,17.897415,garbage,0.383730
2332,17.428053,garbage,0.102017
2333,18.356216,garbage,0.093104
2334,12.372314,good,0.325837
2335,15.257202,ambiguous,0.059151
2336,13.043588,good,0.142504
2337,8.631063,good,0.345205
2338,12.318146,good,0.302793
2339,17.051117,ambiguous,0.190521
2340,7.039979,good,0.519163
2341,17.723928,garbage,0.166440
2342,10.169090,good,0.230280
2343,16.202024,ambiguous,0.127987
2344,18.912560,garbage,0.061360
2345,10.972343,good,0.097593
2346,15.252172,ambiguous,0.094552
2347,15.829948,ambiguous,0.298511
2348,9.297305,good,0.501872
2349,11.030515,good,0.461048
2350,15.017219,ambiguous,0.073191
2351,15.925088,ambiguous,0.545430
2352,9.311362,good,0.234051
2353,12.513702,good,0.532991
2354,19.115339,garbage,0.215195
2355,17.380438,garbage,0.089603
2356,14.109192,ambiguous,0.323750
2357,16.276499,ambiguous,0.029569
2358,12.138965,good,0.508958
2359,6.190347,good,0.365921
2360,9.751400,good,0.163725
2361,15.676785,ambiguous,0.303387
2362,13.395316,ambiguous,0.322478
2363,18.622627,garbage,0.026393
2364,17.508884,garbage,0.198225
2365,13.463361,ambiguous,0.053587
2366,14.904102,ambiguous,0.151004
2367,7.588374,good,0.489148
2368,15.803679,ambiguous,0.275649
2369,13.273921,ambiguous,0.457159
2370,15.125702,ambiguous,0.072366
2371,11.794997,good,0.403699
2372,8.162428,good,0.399467
2373,13.802612,ambiguous,0.161122
2374,20.205685,garbage,0.076089
2375,16.033327,ambiguous,0.048817
2376,8.228469,good,0.223799
2377,6.996273,good,0.444073
2378,16.990850,ambiguous,0.145845
2379,8.749436,good,0.208092
2380,13.138737,ambiguous,0.493194
2381,15.719929,ambiguous,0.042911
2382,16.700653,ambiguous,0.252311
2383,16.881432,ambiguous,0.172070
2384,13.435828,ambiguous,0.186803
2385,13.895126,ambiguous,0.405155
2386,16.394558,ambiguous,0.326002
2387,11.657249,good,0.196992
2388,17.631701,garbage,0.166855
2389,12.110405,good,0.293910
2390,18.524872,garbage,0.172764
2391,15.113482,ambiguous,0.121159
2392,14.507999,ambiguous,0.138706
2393,15.834447,ambiguous,0.141442
2394,17.130438,ambiguous,0.602496
2395,20.821495,garbage,0.047840
2396,14.223755,ambiguous,0.338448
2397,17.782352,garbage,0.140849
2398,10.870822,good,0.202339
2399,16.214006,ambiguous,0.298232
2400,19.699053,garbage,0.295102
2401,16.141806,ambiguous,0.525010
2402,14.666280,ambiguous,0.345786
2403,14.495159,ambiguous,0.069944
2404,7.245657,good,0.460534
2405,15.993423,ambiguous,0.129235
2406,9.909940,good,0.305541
2407,16.265465,ambiguous,0.116436
2408,18.182886,garbage,0.125532
2409,16.556175,ambiguous,0.073997
2410,19.885439,garbage,0.068738
2411,18.980200,garbage,0.811958
2412,15.193939,ambiguous,0.066280
2413,15.768131,ambiguous,0.198785
2414,18.227451,garbage,0.058216
2415,12.075158,good,0.241756
2416,9.290061,good,0.508854
2417,8.940978,good,0.467595
2418,15.996303,ambiguous,0.088607
2419,17.215433,garbage,0.031364
2420,16.465206,ambiguous,0.085530
2421,17.098673,ambiguous,0.821093
2422,17.857603,garbage,0.067283
2423,16.034126,ambiguous,0.179732
2424,12.690045,good,0.411296
2425,11.103446,good,0.131528
2426,16.090418,ambiguous,0.268306
2427,14.167912,ambiguous,0.611497
2428,17.068802,ambiguous,0.138603
2429,13.302260,ambiguous,0.379561
2430,16.384037,ambiguous,0.343633
2431,10.406672,good,0.420491
2432,9.464700,good,0.369018
2433,15.931460,ambiguous,0.046064
2434,16.456984,ambiguous,0.167334
2435,19.644295,garbage,0.049370
2436,15.748384,ambiguous,0.173992
2437,14.551712,ambiguous,0.094934
2438,18.231873,garbage,0.037513
2439,13.656253,ambiguous,0.448932
2440,14.842686,ambiguous,0.092437
2441,19.191481,garbage,0.029062
2442,8.819069,good,0.189435
2443,10.028445,good,0.481023
2444,17.206797,garbage,0.329993
2445,13.738381,ambiguous,0.153718
2446,15.125366,ambiguous,0.148731
2447,14.130834,ambiguous,0.317068
2448,14.075351,ambiguous,0.256611
2449,8.878494,good,0.436402
2450,14.522057,ambiguous,0.213374
2451,13.922982,ambiguous,0.474496
2452,17.182703,garbage,0.099638
2453,18.467661,garbage,0.337345
2454,15.719407,ambiguous,0.210164
2455,15.371121,ambiguous,0.064835
2456,13.001862,good,0.189859
2457,14.490354,ambiguous,0.211538
2458,19.865152,garbage,0.238529
2459,16.216612,ambiguous,0.155133
2460,16.402864,ambiguous,0.432333
2461,20.617039,garbage,0.211624
2462,13.044052,good,0.094248
2463,16.074514,ambiguous,0.167203
2464,17.893091,garbage,0.051319
2465,11.675548,good,0.248332
2466,13.455943,ambiguous,0.269655
2467,11.265489,good,0.484817
2468,17.427073,garbage,0.103120
2469,9.903174,good,0.189503
2470,17.390230,garbage,0.097695
2471,15.297938,ambiguous,0.042826
2472,15.933510,ambiguous,0.163130
2473,14.418645,ambiguous,0.229327
2474,17.787085,garbage,0.212984
2475,10.492355,good,0.460736
2476,11.280532,good,0.120281
2477,14.094628,ambiguous,0.109367
2478,18.596678,garbage,0.597896
2479,15.728539,ambiguous,0.153652
2480,13.375672,ambiguous,0.167071
2481,17.232946,garbage,0.133614
2482,16.217117,ambiguous,0.203935
2483,17.028606,ambiguous,0.120551
2484,12.403675,good,0.306818
2485,15.401450,ambiguous,0.108504
2486,14.427188,ambiguous,0.235509
2487,15.157191,ambiguous,0.454422
2488,15.049106,ambiguous,0.048708
2489,15.047648,ambiguous,0.329665
2490,15.825704,ambiguous,0.107703
2491,21.410971,garbage,0.046445
2492,16.299267,ambiguous,0.727208
2493,11.277843,good,0.460917
2494,15.282107,ambiguous,0.309039
2495,19.433495,garbage,0.124785
2496,17.779161,garbage,0.256474
2497,12.813619,good,0.364810
2498,14.372548,ambiguous,0.168229
2499,17.378365,garbage,0.051295
2500,13.127315,good,0.227772
2501,9.758622,good,0.150129
2502,16.669466,ambiguous,0.046145
2503,15.056370,ambiguous,0.607039
2504,16.640839,ambiguous,0.228769
2505,15.021858,ambiguous,0.099225
2506,16.458336,ambiguous,0.279700
2507,12.514386,good,0.115196
2508,18.537062,garbage,0.068586
2509,10.145108,good,0.135270
2510,12.897933,good,0.464183
2511,19.803537,garbage,0.059481
2512,14.180718,ambiguous,0.183454
2513,13.727840,ambiguous,0.381293
2514,13.442868,ambiguous,0.252656
2515,18.371469,garbage,0.036442
2516,19.018852,garbage,0.055790
2517,18.935303,garbage,0.096096
2518,17.213882,garbage,0.371824
2519,15.570844,ambiguous,0.133587
2520,18.370108,garbage,0.166060
2521,7.724237,good,0.398878
2522,13.921140,ambiguous,0.257036
2523,18.374416,garbage,0.131637
2524,13.354558,ambiguous,0.203971
2525,19.343605,garbage,0.147445
2526,13.337448,ambiguous,0.441640
2527,15.030238,ambiguous,0.078958
2528,9.592650,good,0.189475
2529,17.728838,garbage,0.076444
2530,14.706937,ambiguous,0.242155
2531,14.071013,ambiguous,0.335714
2532,11.728978,good,0.395959
2533,12.641804,good,0.227991
2534,21.058821,garbage,0.050334
2535,12.386165,good,0.146835
2536,12.779944,good,0.305558
2537,17.889830,garbage,0.046371
2538,18.332216,garbage,0.069483
2539,13.985860,ambiguous,0.250990
2540,7.839735,good,0.471183
2541,11.392194,good,0.400870
2542,18.721024,garbage,0.244522
2543,9.315818,good,0.181036
2544,15.120862,ambiguous,0.204264
2545,14.590870,ambiguous,0.020369
2546,10.189616,good,0.448687
2547,18.647169,garbage,0.063268
2548,13.909636,ambiguous,0.273907
2549,11.928988,good,0.068073
2550,18.715452,garbage,0.106958
2551,14.287418,ambiguous,0.349167
2552,17.614227,garbage,0.057970
2553,11.121663,good,0.291324
2554,17.555227,garbage,0.050901
2555,18.195900,garbage,0.039574
2556,16.603479,ambiguous,0.205292
2557,9.690716,good,0.281052
2558,14.255834,ambiguous,0.172188
2559,14.725781,ambiguous,0.092075
2560,14.845008,ambiguous,0.213498
2561,16.490042,ambiguous,0.203761
2562,16.000536,ambiguous,0.191712
2563,15.748624,ambiguous,0.160759
2564,15.540095,ambiguous,0.090652
2565,13.703832,ambiguous,0.367350
2566,12.220195,good,0.370416
2567,15.299794,ambiguous,0.461504
2568,19.071524,garbage,0.259412
2569,17.054947,ambiguous,0.168151
2570,12.444188,good,0.439939
2571,10.902743,good,0.138961
2572,17.285271,garbage,0.164477
2573,14.746364,ambiguous,0.180176
2574,9.766282,good,0.530829
2575,15.573677,ambiguous,0.146061
2576,16.709585,ambiguous,0.062692
2577,16.610935,ambiguous,0.197616
2578,8.081665,good,0.489666
2579,18.549568,garbage,0.022616
2580,16.818531,ambiguous,0.835570
2581,12.635071,good,0.080940
2582,14.340571,ambiguous,0.201385
2583,16.180351,ambiguous,0.043290
2584,6.062113,good,0.356379
2585,13.267342,ambiguous,0.493808
2586,15.916356,ambiguous,0.619687
2587,18.711535,garbage,0.070950
2588,14.809243,ambiguous,0.198958
2589,17.742426,garbage,0.125953
2590,18.503431,garbage,0.139926
2591,18.483566,garbage,0.048870
2592,13.987453,ambiguous,0.178037
2593,16.387184,ambiguous,0.192986
2594,18.687490,garbage,0.178161
2595,16.523602,ambiguous,0.064440
2596,17.284258,garbage,0.168304
2597,16.009552,ambiguous,0.351707
2598,14.560473,ambiguous,0.425233
2599,14.723178,ambiguous,0.201920
2600,19.517023,garbage,0.065657
2601,15.858047,ambiguous,0.071167
2602,19.586725,garbage,0.138179
2603,14.969666,ambiguous,0.143496
2604,12.435695,good,0.327387
2605,13.182114,ambiguous,0.251459
2606,17.564978,garbage,0.215494
2607,14.999837,ambiguous,0.074184
2608,12.982114,good,0.077562
2609,17.751316,garbage,0.184283
2610,14.857994,ambiguous,0.063812
2611,8.086044,good,0.472462
2612,9.846262,good,0.430706
2613,10.873211,good,0.415931
2614,15.694274,ambiguous,0.040027
2615,16.148844,ambiguous,0.359977
2616,16.911058,ambiguous,0.149924
2617,15.653049,ambiguous,0.100144
2618,21.192289,garbage,0.099505
2619,6.129504,good,0.480190
2620,22.160013,garbage,0.100346
2621,10.318591,good,0.404420
2622,20.631418,garbage,0.045964
2623,16.084959,ambiguous,0.221730
2624,16.088266,ambiguous,0.059821
2625,19.496866,garbage,0.073242
2626,12.385327,good,0.080164
2627,13.156803,ambiguous,0.095811
2628,15.459676,ambiguous,0.103961
2629,10.562301,good,0.075535
2630,17.603498,garbage,0.052743
2631,19.268768,garbage,0.130090
2632,16.493895,ambiguous,0.269534
2633,14.988072,ambiguous,0.552643
2634,14.866214,ambiguous,0.100312
2635,15.188515,ambiguous,0.230102
2636,16.181301,ambiguous,0.182060
2637,17.062622,ambiguous,0.496838
2638,19.734947,garbage,0.107714
2639,10.281087,good,0.448871
2640,16.612141,ambiguous,0.211089
2641,14.589966,ambiguous,0.194644
2642,16.881128,ambiguous,0.125454
2643,18.127642,garbage,0.067693
2644,15.560643,ambiguous,0.248709
2645,13.320832,ambiguous,0.259085
2646,13.947772,ambiguous,0.202783
2647,12.189569,good,0.133574
2648,12.011436,good,0.262248
2649,11.113397,good,0.351122
2650,7.163195,good,0.247613
2651,12.575086,good,0.163038
2652,16.220911,ambiguous,0.235600
2653,18.746971,garbage,0.148357
2654,12.951917,good,0.334963
2655,14.938100,ambiguous,0.387402
2656,20.027582,garbage,0.064485
2657,14.266587,ambiguous,0.569014
2658,17.176195,garbage,0.039008
2659,14.123459,ambiguous,0.031721
2660,20.695723,garbage,0.222802
2661,11.716163,good,0.263649
2662,17.604271,garbage,0.193054
2663,18.130953,garbage,0.055292
2664,14.065461,ambiguous,0.483351
2665,10.930710,good,0.226280
2666,11.960052,good,0.310966
2667,14.562648,ambiguous,0.211044
2668,16.367773,ambiguous,0.029531
2669,14.594719,ambiguous,0.106171
2670,16.202084,ambiguous,0.308414
2671,14.866173,ambiguous,0.390058
2672,13.741000,ambiguous,0.516699
2673,17.548920,garbage,0.153084
2674,16.184494,ambiguous,0.052941
2675,14.078968,ambiguous,0.244816
2676,14.204758,ambiguous,0.186762
2677,14.000737,ambiguous,0.130173
2678,20.175873,garbage,0.064073
2679,9.766125,good,0.295269
2680,13.360675,ambiguous,0.429623
2681,17.325348,garbage,0.109481
2682,16.693710,ambiguous,0.094339
2683,10.303313,good,0.441948
2684,16.412169,ambiguous,0.210031
2685,8.996820,good,0.413309
2686,10.229263,good,0.171717
2687,12.617237,good,0.156534
2688,15.679526,ambiguous,0.068100
2689,17.663200,garbage,0.333728
2690,16.441648,ambiguous,0.047633
2691,18.216705,garbage,0.062515
2692,15.499278,ambiguous,0.212485
2693,15.077817,ambiguous,0.233776
2694,17.274609,garbage,0.288013
2695,16.373312,ambiguous,0.203241
2696,20.702660,garbage,0.051508
2697,12.926980,good,0.420488
2698,15.824801,ambiguous,0.279524
2699,14.764562,ambiguous,0.314248
2700,17.707993,garbage,0.231753
2701,15.819455,ambiguous,0.060438
2702,15.649834,ambiguous,0.048802
2703,19.813129,garbage,0.244549
2704,16.285490,ambiguous,0.035923
2705,17.742058,garbage,0.094499
2706,15.399589,ambiguous,0.575958
2707,8.437800,good,0.274729
2708,17.892153,garbage,0.092865
2709,15.727901,ambiguous,0.398447
2710,14.817937,ambiguous,0.459113
2711,10.222261,good,0.138497
2712,19.384382,garbage,0.246859
2713,20.233187,garbage,0.737067
2714,6.303066,good,0.444513
2715,11.337888,good,0.373406
2716,20.356493,garbage,0.048293
2717,14.097355,ambiguous,0.293424
2718,14.923615,ambiguous,0.065345
2719,14.552056,ambiguous,0.071010
2720,10.987239,good,0.115090
2721,18.266504,garbage,0.108977
2722,6.847731,good,0.326704
2723,18.087225,garbage,0.025629
2724,18.726683,garbage,0.151908
2725,12.595676,good,0.118883
2726,19.013783,garbage,0.090835
2727,14.084384,ambiguous,0.104018
2728,17.421377,garbage,0.031844
2729,18.445450,garbage,0.104944
2730,17.235460,garbage,0.037355
2731,16.666235,ambiguous,0.542444
2732,16.257101,ambiguous,0.338300
2733,15.471471,ambiguous,0.223737
2734,17.821152,garbage,0.096920
2735,14.956094,ambiguous,0.345952
2736,18.770113,garbage,0.028942
2737,11.557994,good,0.131402
2738,13.865822,ambiguous,0.127698
2739,16.219229,ambiguous,0.192125
2740,17.620546,garbage,0.032456
2741,17.262932,garbage,0.065296
2742,14.157799,ambiguous,0.572100
2743,14.621488,ambiguous,0.066720
2744,15.250313,ambiguous,0.593919
2745,16.733803,ambiguous,0.259201
2746,17.337517,garbage,0.269037
2747,13.245095,ambiguous,0.416004
2748,18.021204,garbage,0.138896
2749,8.504733,good,0.581650
2750,18.431257,garbage,0.104586
2751,10.980016,good,0.224254
2752,12.154129,good,0.145192
2753,17.841467,garbage,0.037678
2754,13.843068,ambiguous,0.348272
2755,10.017333,good,0.087114
2756,18.424025,garbage,0.130859
2757,14.217792,ambiguous,0.560909
2758,10.599154,good,0.095850
2759,8.952866,good,0.412781
2760,14.689225,ambiguous,0.119244
2761,17.351904,garbage,0.339644
2762,11.786822,good,0.426250
2763,11.113788,good,0.265114
2764,13.196412,ambiguous,0.271220
2765,13.813268,ambiguous,0.089430
2766,16.967230,ambiguous,0.169937
2767,16.703604,ambiguous,0.120438
2768,15.670082,ambiguous,0.135193
2769,15.159627,ambiguous,0.196428
2770,16.836519,ambiguous,0.412360
2771,18.145567,garbage,0.025394
2772,15.421571,ambiguous,0.373250
2773,17.234894,garbage,0.067020
2774,15.752332,ambiguous,0.295946
2775,15.237462,ambiguous,0.038838
2776,14.346311,ambiguous,0.061549
2777,18.750248,garbage,0.079189
2778,13.492150,ambiguous,0.057739
2779,15.201294,ambiguous,0.139715
2780,15.829436,ambiguous,0.194279
2781,15.236495,ambiguous,0.167734
2782,18.685707,garbage,0.259211
2783,15.039231,ambiguous,0.162999
2784,18.635115,garbage,0.042003
2785,15.911611,ambiguous,0.045046
2786,13.624969,ambiguous,0.298496
2787,6.619044,good,0.574126
2788,9.253543,good,0.272398
2789,17.403685,garbage,0.070028
2790,13.739071,ambiguous,0.138963
2791,16.779203,ambiguous,0.032988
2792,19.141302,garbage,0.084862
2793,16.437319,ambiguous,0.111719
2794,13.934171,ambiguous,0.105314
2795,15.843104,ambiguous,0.032692
2796,13.657138,ambiguous,0.469288
2797,18.773512,garbage,0.302994
2798,14.319921,ambiguous,0.469591
2799,9.039665,good,0.652022
2800,15.638909,ambiguous,0.153815
2801,13.079539,good,0.428877
2802,10.068453,good,0.284956
2803,18.183641,garbage,0.400651
2804,8.945641,good,0.342579
2805,14.878159,ambiguous,0.498087
2806,13.442798,ambiguous,0.754404
2807,18.449629,garbage,0.058186
2808,20.785254,garbage,0.195905
2809,11.317292,good,0.063986
2810,15.413836,ambiguous,0.110281
2811,8.386132,good,0.218656
2812,15.104634,ambiguous,0.103907
2813,12.676423,good,0.352651
2814,18.871101,garbage,0.123001
2815,14.564457,ambiguous,0.215855
2816,17.027514,ambiguous,0.120625
2817,13.459617,ambiguous,0.096781
2818,6.087742,good,0.593833
2819,18.738358,garbage,0.166849
2820,12.284616,good,0.054959
2821,16.746681,ambiguous,0.669760
2822,17.245562,garbage,0.045015
2823,13.928234,ambiguous,0.238039
2824,12.814384,good,0.297642
2825,15.042141,ambiguous,0.167708
2826,13.802167,ambiguous,0.323882
2827,15.651752,ambiguous,0.063328
2828,16.988596,ambiguous,0.333567
2829,13.900216,ambiguous,0.319127
2830,17.245554,garbage,0.106677
2831,12.085378,good,0.245321
2832,15.536510,ambiguous,0.081206
2833,16.961754,ambiguous,0.025440
2834,14.880344,ambiguous,0.300139
2835,18.269157,garbage,0.044710
2836,14.996121,ambiguous,0.139095
2837,12.347432,good,0.219800
2838,18.344826,garbage,0.193258
2839,16.215639,ambiguous,0.458663
2840,18.514444,garbage,0.111733
2841,14.845281,ambiguous,0.241904
2842,12.497318,good,0.126860
2843,14.675494,ambiguous,0.272049
2844,17.483753,garbage,0.196249
2845,15.811821,ambiguous,0.062839
2846,15.089824,ambiguous,0.388039
2847,15.599098,ambiguous,0.106933
2848,16.197916,ambiguous,0.196608
2849,16.672350,ambiguous,0.212257
2850,13.611042,ambiguous,0.459774
2851,14.742108,ambiguous,0.212426
2852,11.718995,good,0.444065
2853,15.561493,ambiguous,0.163322
2854,8.199622,good,0.241197
2855,19.482031,garbage,0.057774
2856,15.533721,ambiguous,0.228192
2857,13.980798,ambiguous,0.366864
2858,16.289268,ambiguous,0.589023
2859,16.340147,ambiguous,0.083529
2860,19.834429,garbage,0.023247
2861,18.313955,garbage,0.129460
2862,16.913427,ambiguous,0.133432
2863,17.454641,garbage,0.277785
2864,13.713046,ambiguous,0.103411
2865,12.760457,good,0.329696
2866,17.249552,garbage,0.094619
2867,17.687296,garbage,0.197936
2868,17.974792,garbage,0.079768
2869,17.765953,garbage,0.127787
2870,13.462790,ambiguous,0.296051
2871,11.046992,good,0.383266
2872,15.142327,ambiguous,0.099508
2873,15.198226,ambiguous,0.205247
2874,15.366711,ambiguous,0.039155
2875,18.667778,garbage,0.032855
2876,12.759381,good,0.581639
2877,17.051506,ambiguous,0.167154
2878,17.680126,garbage,0.314238
2879,15.139507,ambiguous,0.607640
2880,16.659922,ambiguous,0.042151
2881,17.500700,garbage,0.083482
2882,16.400480,ambiguous,0.061474
2883,14.389660,ambiguous,0.096091
2884,18.480097,garbage,0.063833
2885,21.170786,garbage,0.063689
2886,16.557344,ambiguous,0.121059
2887,18.085335,garbage,0.420726
2888,8.850203,good,0.450675
2889,11.859287,good,0.521027
2890,14.955928,ambiguous,0.039873
2891,11.049316,good,0.567454
2892,14.772072,ambiguous,0.082793
2893,14.905373,ambiguous,0.184910
2894,9.061757,good,0.611620
2895,20.076361,garbage,0.037162
2896,6.996064,good,0.355172
2897,9.907414,good,0.206692
2898,17.848818,garbage,0.055714
2899,16.856695,ambiguous,0.067274
2900,16.807653,ambiguous,0.257888
2901,17.014647,ambiguous,0.080222
2902,17.408716,garbage,0.090354
2903,14.049891,ambiguous,0.152418
2904,16.912447,ambiguous,0.251040
2905,19.739853,garbage,0.134355
2906,13.681649,ambiguous,0.119113
2907,14.815131,ambiguous,0.181076
2908,15.497676,ambiguous,0.456188
2909,17.435501,garbage,0.210308
2910,19.168474,garbage,0.126398
2911,19.368410,garbage,0.024016
2912,11.373078,good,0.141524
2913,15.967170,ambiguous,0.205904
2914,14.890900,ambiguous,0.109473
2915,17.939941,garbage,0.235721
2916,13.541257,ambiguous,0.494752
2917,12.531949,good,0.111442
2918,15.994026,ambiguous,0.158217
2919,11.457814,good,0.360003
2920,19.732117,garbage,0.285819
2921,16.679701,ambiguous,0.034734
2922,6.450442,good,0.499896
2923,12.116588,good,0.410592
2924,16.419130,ambiguous,0.112417
2925,13.098783,good,0.317065
2926,18.975471,garbage,0.054599
2927,5.801236,good,0.411027
2928,17.196398,garbage,0.092219
2929,16.810892,ambiguous,0.026219
2930,16.085438,ambiguous,0.042400
2931,16.964117,ambiguous,0.503313
2932,10.155041,good,0.346476
2933,14.419160,ambiguous,0.119886
2934,16.196886,ambiguous,0.306722
2935,15.466907,ambiguous,0.145237
2936,14.784741,ambiguous,0.266620
2937,15.965935,ambiguous,0.152192
2938,18.956461,garbage,0.025875
2939,13.825944,ambiguous,0.545040
2940,10.794856,good,0.345842
2941,9.352959,good,0.456713
2942,16.025345,ambiguous,0.095396
2943,18.047426,garbage,0.148681
2944,15.510844,ambiguous,0.094584
2945,15.291768,ambiguous,0.072203
2946,13.169194,ambiguous,0.612605
2947,13.661517,ambiguous,0.101258
2948,17.695452,garbage,0.057965
2949,9.848496,good,0.335549
2950,11.860736,good,0.177057
2951,17.862112,garbage,0.020282
2952,16.568701,ambiguous,0.106228
2953,9.005324,good,0.183043
2954,8.505402,good,0.365102
2955,14.400435,ambiguous,0.203378
2956,8.081687,good,0.392656
2957,7.962170,good,0.426634
2958,17.753311,garbage,0.205775
2959,23.543098,garbage,0.178502
2960,16.821333,ambiguous,0.196318
2961,13.371502,ambiguous,0.385405
2962,15.111053,ambiguous,0.307588
2963,18.257765,garbage,0.107639
2964,19.916727,garbage,0.079163
2965,17.682579,garbage,0.083202
2966,17.446457,garbage,0.088120
2967,16.149260,ambiguous,0.091177
2968,11.707479,good,0.233673
2969,18.738565,garbage,0.230948
2970,9.983964,good,0.298625
2971,14.492844,ambiguous,0.086358
2972,15.387441,ambiguous,0.061544
2973,17.278502,garbage,0.077475
2974,11.640767,good,0.103210
2975,11.604421,good,0.481404
2976,18.889559,garbage,0.078084
2977,16.362116,ambiguous,0.063884
2978,11.626636,good,0.402360
2979,14.914289,ambiguous,0.167709
2980,20.674622,garbage,0.042724
2981,14.981697,ambiguous,0.229451
2982,16.321098,ambiguous,0.072936
2983,15.449818,ambiguous,0.209846
2984,17.112726,ambiguous,0.155415
2985,13.830147,ambiguous,0.500905
2986,19.674078,garbage,0.024268
2987,11.537435,good,0.348461
2988,16.201799,ambiguous,0.317445
2989,15.067692,ambiguous,0.220957
2990,19.261097,garbage,0.075580
2991,5.597124,good,0.465930
2992,19.028847,garbage,0.237901
2993,20.150370,garbage,0.093475
2994,12.179368,good,0.520857
2995,18.563147,garbage,0.109682
2996,8.952039,good,0.440366
2997,17.468903,garbage,0.207159
2998,14.772747,ambiguous,0.071647
2999,17.515879,garbage,0.045398
