run_id	job_id	date	phase	gate	checkpoint	metric_name	metric_value	pass	notes
fb_direct_gate0_field_check	37520759	2026-08-06	forward-backwards-direct-decision-tree	Gate 0: implementation correctness (rel_error<1e-4, L_FB~=L_exact)	direct_energy_longer_retry/direct_clipped_from1500k_to_epoch40_job36820082/000-EqM-B-2-Linear-velocity-None-ebm-direct/checkpoints/epoch40.pt	audit_mean_rel_error	batch0=1.524e-4;batch1=1.763e-4	false	cosine~1.0 both batches, loss_rel_diff~1e-5-1e-6; TF32 matmul accumulation hypothesis; 1 retune authorized per decision tree
fb_direct_gate0_field_check_fp32_retune	37521466	2026-08-06	forward-backwards-direct-decision-tree	Gate 0: implementation correctness (rel_error<1e-4, L_FB~=L_exact)	direct_energy_longer_retry/direct_clipped_from1500k_to_epoch40_job36820082/000-EqM-B-2-Linear-velocity-None-ebm-direct/checkpoints/epoch40.pt	audit_mean_rel_error	batch0=1.475e-4;batch1=1.714e-4	false	cosine 1.0 both batches; FP32-promoted reverse VJPs (attention softmax, LayerNorm) moved error only ~3%, not order-of-magnitude; retune exhausted per AGENTS.md max-1-retune rule; still ~50-70% over threshold; ESCALATED to human, no further Gate 0/1/2 jobs pending decision
fb_direct_gate0_field_check_sdpa_backend_retune	37522251	2026-08-06	forward-backwards-direct-decision-tree	Gate 0: implementation correctness (rel_error<1e-4, L_FB~=L_exact)	direct_energy_longer_retry/direct_clipped_from1500k_to_epoch40_job36820082/000-EqM-B-2-Linear-velocity-None-ebm-direct/checkpoints/epoch40.pt	audit_mean_rel_error	batch0=1.584e-4;batch1=1.788e-4	false	forced MATH-backend SDPA in exact_field_audit + gate0 script (fused-attn kernel mismatch hypothesis); statistically unchanged from pre-retune, within batch-to-batch DataLoader shuffle noise; fix kept (real, if insufficient, correctness improvement)
fb_direct_gate0_retune3_fp64_bisect	37522491	2026-08-06	forward-backwards-direct-decision-tree	Gate 0 diagnostic: is the field-error gap a real VJP bug or GPU precision noise	direct_energy_longer_retry/direct_clipped_from1500k_to_epoch40_job36820082/000-EqM-B-2-Linear-velocity-None-ebm-direct/checkpoints/epoch40.pt	block_input_grad_relerr	final_layer=1.335e-16;blocks0-11=2.6e-16to2.8e-15;final_field=3.137e-16	true	FP64 block-by-block bisection vs autograd, real epoch-40 checkpoint weights at true EqM-B/2 scale (12 blocks, hidden_size=768); DEFINITIVE: manual reverse VJP is mathematically exact everywhere; the real-GPU FP32 gap (~1.5-1.8e-4, unchanged across all 3 retunes) is pure TF32/GPU precision noise, not a code bug; all 3 authorized retunes now exhausted with conclusive diagnosis; escalated to user for threshold decision
fb_direct_gate0_field_check_tf32_disabled	37522678	2026-08-06	forward-backwards-direct-decision-tree	Gate 0: implementation correctness (rel_error<1e-4, L_FB~=L_exact)	direct_energy_longer_retry/direct_clipped_from1500k_to_epoch40_job36820082/000-EqM-B-2-Linear-velocity-None-ebm-direct/checkpoints/epoch40.pt	audit_mean_rel_error	batch0=3.256e-7;batch1=3.443e-7	true	disabled torch.backends.cuda.matmul.allow_tf32 and cudnn.allow_tf32 (never tested in retunes 1-3); confirms FP64-bisection diagnosis exactly -- TF32 was the entire ~1.5e-4 gap, 500x error reduction from this flag alone; GATE 0 PASS both batches; cosine=1.0, loss_rel_diff 0.0/1.0e-7
fb_direct_gate1_mechanism_test	37523044	2026-08-06	forward-backwards-direct-decision-tree	Gate 1: offline mechanism test (median cos>0.2, frac cos>0>=0.8, FB p99.9 norm>=5x lower, FB>=10x smaller on explosion batches)	direct_energy_longer_retry/direct_clipped_epoch40_to_epoch80_job36847271/000-EqM-B-2-Linear-velocity-None-ebm-direct/checkpoints/epoch80.pt	median_cosine;frac_cos_pos;p999_ratio_reduction;proxy_explosion_min_ratio	0.6186;1.0;94.45x;1.84x	false	500 real batches, no optimizer steps, TF32 disabled; 3 of 4 criteria PASS with large margins (median cos 0.62, p999 tail 94x safer); proxy_explosion FAILS only on the single worst of 5 proxy batches (1.84x < 10x threshold) even though mean across those 5 is 21.80x; AMBIGUOUS decision-tree stop condition (aligned + mostly lighter-tailed, not uniformly safer) -- NOT a clean pass, NOT a clean kill; escalated to user, no Gate 2 submitted
fb_direct_gate2_treatment_fbdirect	37534952	2026-08-06	forward-backwards-direct-decision-tree	Gate 2: short paired continuation (2000 steps, no divergence, held-out field MSE <=10% worse than control, explosion events >=10x fewer, comparable update magnitude)	direct_energy_longer_retry/direct_clipped_from1500k_to_epoch40_job36820082/000-EqM-B-2-Linear-velocity-None-ebm-direct/checkpoints/epoch40.pt	train_loss	start=10.85;end=22.6178	false	DIVERGED, accelerating after step ~1400. NOT gradient-explosion pattern: 1/2000 clip triggers, raw grad norm range 0.45-11.4 (every-step logging), update/weight ratio stable 0.0003-0.0008. Root cause per Gate1 (median cosine 0.62): smooth systematic directional bias from the intentionally-omitted forward-cache derivative term -- decision tree failure mode \"safer but unaligned, omitted pathway carries real credit assignment\". exact-field audit (output-space) stayed healthy the whole run (cosine 0.998->0.981) even as loss diverged, confirming the bias is in PARAMETER space not field/output space. Control comparison confounded on throughput/memory by different hardware (gpu_test MIG slice vs seas_gpu full A100 after control OOMd on gpu_test) -- do not compare steps/sec across arms from this run.
fb_direct_gate2_control_direct	37535954	2026-08-06	forward-backwards-direct-decision-tree	Gate 2 control arm (exact direct, create_graph=True)	direct_energy_longer_retry/direct_clipped_from1500k_to_epoch40_job36820082/000-EqM-B-2-Linear-velocity-None-ebm-direct/checkpoints/epoch40.pt	train_loss	stable 10.5-11.1 entire run	true	Completely stable 2000-step continuation, zero drift, zero clip events observed (0/10 sampled at grad_log_every=200). Confirms treatment divergence is FB-method-specific, not a property of continuing training from this checkpoint under any method.
fb_direct_layerwise_gradient_decomposition	37541376	2026-08-06	forward-backwards-direct-decision-tree	Yilun-proposed post-Gate2 diagnostic: rho_k=cos(g^(k),g_exact) truncated correction, k in {0,1,2,4,6,12} blocks nearest output restored to exact	direct_energy_longer_retry/direct_clipped_from1500k_to_epoch40_job36820082/000-EqM-B-2-Linear-velocity-None-ebm-direct/checkpoints/epoch40.pt	median_rho_k	k0=0.6566;k1=0.6675;k2=0.6911;k4=0.6991;k6=0.7123;k12=0.8964	n/a	500 real batches, no optimizer steps, TF32 disabled, same epoch-40 checkpoint Gate 2 diverged from. Correction is NOT concentrated near output: rho climbs smoothly and slowly from k=0 to k=6 (0.657->0.712, only +0.055 over half the depth), then jumps to 0.896 only once ALL 12 blocks are exact (missing only x_embedder). Answers Yilun's truncation question negatively for this checkpoint/depth: no small-k truncation recovers most of the missing credit-assignment signal; the omitted (dC/dtheta)^T dL/dC term is distributed roughly uniformly across depth, not concentrated in the last few blocks near the loss.
fb_direct_blockwise_calibration	37544288	2026-08-07	forward-backwards-direct-decision-tree	Yilun round-2 proposal: per-block rho_l/r_l (14 blocks), alpha_l calibration fit on 400 batches, rho_cal evaluated out-of-sample on 100 held-out batches	direct_energy_longer_retry/direct_clipped_from1500k_to_epoch40_job36820082/000-EqM-B-2-Linear-velocity-None-ebm-direct/checkpoints/epoch40.pt	rho_cal_vs_rho_uncal	cal=0.6508;uncal=0.6580	false	Calibration made cosine slightly WORSE not better (n=100 holdout). Per-block rho_l medians all LOW inside transformer blocks (blocks.0-11 range 0.24-0.51; blocks.11 worst at 0.243 with p10=-0.326), only energy_head near-exact (0.990, adjacent to loss). r_l (exact/semi norm ratio) 1.8-2.5x every transformer block -- semigradient consistently undersized, but rescaling did not fix direction. KILLS scale-mismatch hypothesis: this is a genuine directional misalignment inside every block, not a cross-layer scaling problem. coverage_ok=true, sync_error=0.0. Routes to Yilun temporal-stability branch next (rho_stale/rho_cross).
fb_direct_temporal_correction_stability	37656610	2026-08-07	forward-backwards-direct-decision-tree	Yilun round-3/final proposal: T_param/rho_stale/rho_cross/rho_uncal vs Delta in {1,2,4,8,16,32,64}, real exact-double-backward trajectory from epoch40, g_cache(theta_0;B) fixed 10-batch probe bank	direct_energy_longer_retry/direct_clipped_from1500k_to_epoch40_job36820082/000-EqM-B-2-Linear-velocity-None-ebm-direct/checkpoints/epoch40.pt	rho_stale_vs_rho_cross	d1:stale=0.958,cross=0.540;d8:stale=0.933,cross=0.600;d64:stale=0.919,cross=0.477	false	rho_stale stays HIGH (0.907-0.958) across all Delta up to 64, well above rho_uncal baseline (0.60-0.67). rho_cross stays LOW (0.46-0.60) at EVERY Delta including Delta=1, at or below rho_uncal (worse than no correction at d16/d32: cross 0.46 vs uncal 0.60-0.64). T_param (correction self-similarity) 0.83-0.93. Job exit 1 was a disk-quota write error on holylabs (known EDQUOT-invisible-to-df issue), NOT a computation failure -- full JSON recovered from stdout log, saved to runs/fb_direct_temporal_correction_stability/. Matches Yilun own criterion for correction being sample-specific/EMA dead end: periodic exact correction across changing batches is NOT viable. Closes all 3 branches of Yilun decision tree (truncation, blockwise calibration, temporal reuse) as negative.
fb_direct_test_a_optimal_adjoint_ceiling_v1	37692043	2026-08-07	forward-backwards-direct-decision-tree	Test A (Yilun): does true representational ceiling rho_best exceed oracle-a* 0.940?	direct_energy_longer_retry/direct_clipped_from1500k_to_epoch40_job36820082/000-EqM-B-2-Linear-velocity-None-ebm-direct/checkpoints/epoch40.pt	median_rho_best_vs_rho_astar	rho_best=0.912;rho_astar=0.954;gain=-0.042	n/a	INVALID AS RUN, mathematically provable from its own output: a* is feasible in the same least-squares problem, so converged argmin cosine >= rho_astar is a theorem; observed rho_best < rho_astar proves CGNR non-convergence (residuals only ~halved in 20 iters from zero start; normal equations square kappa over 12-block composition). Also exposed stale canned interpretation string. True ceiling bounded BELOW by 0.954, unmeasured. Fix: warm-start at a_star + per-iteration rho tracking + best-iterate selection (Test A v2).
fb_direct_test_a_optimal_adjoint_ceiling_v2	37711914	2026-08-07	forward-backwards-direct-decision-tree	Test A v2 (corrected): warm-started CGNR ceiling vs oracle-a*	direct_energy_longer_retry/direct_clipped_from1500k_to_epoch40_job36820082/000-EqM-B-2-Linear-velocity-None-ebm-direct/checkpoints/epoch40.pt	median_rho_best_vs_rho_astar	rho_best=0.974;best_iter=0.979;rho_astar=0.958;gain=+0.017	n/a	VALID (warm start at a_star certifies iterates improve on oracle; v1's impossible rho_best<rho_astar eliminated). Optimal linear cache-adjoint ceiling ~0.97-0.98 (lower bound, residuals ~30% reduced in 40 iters), only +0.017 median over oracle-a*. Corrector route: marginal headroom, unattractive vs exact-fwrev which gives the exact gradient outright. Closes Test A.
fb_direct_fwrev_exact_lambda0	37711939	2026-08-07	forward-backwards-direct-decision-tree	exact-fwrev in-vivo validation: track exact-direct control band 10.5-11.1	direct_energy_longer_retry/direct_clipped_from1500k_to_epoch40_job36820082/000-EqM-B-2-Linear-velocity-None-ebm-direct/checkpoints/epoch40.pt	train_loss	median=10.700;range=9.5-11.4	true	PASS. Full 2000 steps, squarely in control band, 0/10 clip events (control 0), grad_norm median 1.87 max 2.53. Pearlmutter forward-over-reverse gradient (FP64-identical to double-backward) reproduces double-backward training on real GPU numerics. forward-backwards-direct semigradient formally superseded.
fb_direct_fwrev_exact_gp005	37711945	2026-08-07	forward-backwards-direct-decision-tree	exact-fwrev + gradient penalty 0.05: stability + smoothing direction	direct_energy_longer_retry/direct_clipped_from1500k_to_epoch40_job36820082/000-EqM-B-2-Linear-velocity-None-ebm-direct/checkpoints/epoch40.pt	loss_main_and_gp	loss_main=10.763;loss_gp 12.69->11.52 vs lambda0	true	STABLE full 2000 steps (total loss 11.2-11.7 = control + regularizer ~0.4). Main loss unaffected vs lambda0 (10.76 vs 10.70). mean||grad_z E||^2 reduced ~9% (12.69->11.52), grad norms slightly smaller (median 1.795 vs 1.868, max 2.415 vs 2.525). Smoothing acts in predicted direction; 2000 steps too short for p99.9 tail claim -- that needs a longer run if pursued.
curvature_clip_diagnostic_v5	37950953	2026-08-10	fwrev-fid-scale-test	Does z-space energy curvature (spectral norm of grad_z^2 E) predict theta-space grad_norm better than GP's order-1 quantity?	direct_energy_longer_retry/fwrev_ep80_{lambda0,gp005}_job{37780076,37780078}/000-EqM-B-2-Linear-velocity-None-ebm-direct/checkpoints/{1600000,1925000,2050000,2175000,2450000}.pt	pearson_grad_norm_vs_predictor	loss_gp=0.125;spectral_norm_mean=0.107;spectral_norm_max=0.007	false	NEGATIVE. spectral_norm_max (theoretically the strongest candidate) essentially uncorrelated with grad_norm (r=0.007, spearman=-0.008). spectral_norm_mean comparable-to-worse than loss_gp. Growth trend flat/noisy for both arms across 850k-step window (inconclusive re: tail effect, 20 batches/ckpt likely underpowered). Do not build spectral-norm/curvature-penalty training arm on this evidence -- mechanism-check-before-code discipline saved ~2 GPU-days. If pursued further, next hypothesis should target theta-space (weight-norm growth, theta-Hessian), not z-space energy curvature.
clip_rate_zloss_wd01_vs_control	n/a	2026-08-11	growing-instability-mechanism-fix	clip-rate flattens/reverses vs zero-decay/zero-zloss control over matched 75k-step window	direct_energy_longer_retry/{fwrev_zloss1e6_from2825k_job38070989,fwrev_wd01_from2825k_job38070968,fwrev_ep80_lambda0_resume1_job37946478}/000-EqM-B-2-Linear-velocity-None-ebm-direct/gradient_metrics.jsonl	clip_rate_pct	zloss=28.47;wd01=0.52;control=0.50	false	DECISIVE, inverts prior |E|-magnitude read for z-loss. zloss clip-rate 57x control (median grad_norm 4.88 vs 1.70, p95 11.85 vs 2.63); z-loss suppresses |E| but sharply worsens the actual clip instability -- KILLED per stop-conditions rule. wd01 indistinguishable from control on clip-rate too (confirms earlier weight_specnorm null). Computed with zero new compute: GRAD_LOG_EVERY=1 was already active on all 3 original training jobs, per-step clipped/grad_norm already logged to gradient_metrics.jsonl on netscratch.
topk_subspace_stageA	38338496	2026-08-11	stage-a-topk-subspace-confirmation	Stage A 6-point gate: does the residual concentrate in a top-8 high-gain SUBSPACE of the energy-head Jacobian, direct-specific, worsening with tail severity?	direct_energy_longer_retry/{fwrev_ep80_lambda0_job37780076,longer80_none_seed0_ckpt50k_job36632776}/000-EqM-B-2-Linear-velocity-None-ebm-{direct,none}/checkpoints/{2825000,2800000}.pt	Q8_direct_spike_control_ratio	top2.5pct=1.052;top1.0pct=1.066;top0.5pct=1.069;actual_clip=1.049	false	FAILED 4 of 6 gate criteria: not stronger in direct than none (I_Q interaction flips sign across tail levels), does not strengthen with severity (Q8 ratio flat/non-monotonic), head no longer major contributor (C_head SHRINKS on spikes 17.3%->9.6% at top2.5%, reversing earlier ~85-88% claim from smaller K). REDIRECT: A_backbone spike/control ratio scales cleanly with severity (2.50x->3.56x->4.45x) -- mechanism looks backbone-centric not head-centric. sigma_1/sigma_2 SMALLER on spikes (1.68-1.74) than control (1.85-1.93) -- explains why job 38150502 single-vector alignment_ratio=6.62 was likely basis rotation in a near-degenerate cluster, not real. Stage B (Gauss-Newton) NOT built per stop-conditions. See documentation/postmortem-stageA-topk-subspace-2026-08-11.md.
